季度,HHI,HHI标准化,HHI扩窗分位,CR3,CR5,CR10,Top1行业,Top1比例,Top20平均持股基金数,Top20持仓市值占比,持股基金数≥100个股数,个股集中度Z,前十占净值比均值,前十占净值比中位数,仓位代理Z,仓位动量,样本基金数,沪深300季末点位,市场综合拥挤度Z,S3筹码拥挤,FCI因子拥挤指数,FCI分位,基准权重来源,FCI_空头集中度HHI,FCI_ETF净申赎强度,FCI_因子相关性,沪深300涨跌幅%
2016Q1,,,,,,,,,,,,,,,,,,,,,,,静态权重（配置−超配 反解）,,,,
2016Q2,,,,,,,,,,,,,,,,,,,,,,,动态季度权重（覆盖28/31，缺行业按0）,,,,
2016Q3,,,,,,,,,,,,,,,,,,,,,,,动态季度权重（覆盖28/31，缺行业按0）,,,,
2016Q4,,,,,,,,,,,,,,,,,,,,,,,动态季度权重（覆盖28/31，缺行业按0）,,,,
2017Q1,,,,,,,,,,,,,,,,,,,,,,,静态权重（配置−超配 反解）,,,,
2017Q2,,,,,,,,,,,,,,,,,,,,,,,动态季度权重（覆盖30/31，缺行业按0）,,,,
2017Q3,,,,,,,,,,,,,,,,,,,,,,,动态季度权重（覆盖30/31，缺行业按0）,,,,
2017Q4,,,,,,,,,,,,,,,,,,,,,,,动态季度权重（覆盖30/31，缺行业按0）,,,,
2018Q1,,,,,,,,,26.0,33.03,0.0,,44.52,46.0,,,255.0,3898.5,,,,,静态权重（配置−超配 反解）,,,,-3.28
2018Q2,,,,,,,,,28.0,32.47,0.0,,43.69,44.0,,-0.83,275.0,3510.98,,,,,动态季度权重（覆盖30/31，缺行业按0）,,,,-9.94
2018Q3,,,,,,,,,32.0,30.94,0.0,,44.82,44.0,,1.13,287.0,3438.86,,,,,动态季度权重（覆盖30/31，缺行业按0）,,,,-2.05
2018Q4,,,,,,,,,27.0,26.62,0.0,,43.78,45.0,,-1.04,297.0,3010.65,,,,,动态季度权重（覆盖29/31，缺行业按0）,,,,-12.45
2019Q1,,,,,,,,,34.0,32.86,0.0,,44.88,45.0,,1.1,308.0,3872.34,,,,,动态季度权重（覆盖29/31，缺行业按0）,,,,28.62
2019Q2,,,,,,,,,45.0,38.57,0.0,,46.61,48.0,,1.73,322.0,3825.59,,,,,动态季度权重（覆盖29/31，缺行业按0）,,,,-1.21
2019Q3,,,,,,,,,46.0,37.1,1.0,,47.58,48.0,,0.97,342.0,3814.53,,,,,动态季度权重（覆盖29/31，缺行业按0）,,,,-0.29
2019Q4,,,,,,,,,45.0,34.94,1.0,,47.71,48.0,,0.13,348.0,4096.58,,,,,动态季度权重（覆盖29/31，缺行业按0）,,,,7.39
2020Q1,,,,,,,,,46.0,29.86,0.0,-0.08,46.53,48.0,0.67,-1.18,368.0,3686.16,,1.0,,,动态季度权重（覆盖29/31，缺行业按0）,,,,-10.02
2020Q2,,,,,,,,,52.0,34.39,2.0,2.07,47.37,49.0,1.15,0.84,388.0,4163.96,,1.0,,,动态季度权重（覆盖28/31，缺行业按0）,,,,12.96
2020Q3,,,,,,,,,58.0,35.24,3.0,2.15,46.58,48.0,0.53,-0.79,425.0,4587.4,,1.0,,,动态季度权重（覆盖28/31，缺行业按0）,,,,10.17
2020Q4,,,,,,,,,68.0,36.6,3.0,1.95,50.17,51.0,2.86,3.59,465.0,5211.29,,1.0,,,动态季度权重（覆盖28/31，缺行业按0）,,,,13.6
2021Q1,,,,,,,,,71.0,35.63,3.0,1.53,48.84,51.0,1.39,-1.33,526.0,5048.36,,1.0,,,动态季度权重（覆盖28/31，缺行业按0）,,,,-3.13
2021Q2,,,,,,,,,73.0,36.65,4.0,1.71,50.62,52.0,2.14,1.78,558.0,5224.04,,1.0,,,动态季度权重（覆盖28/31，缺行业按0）,,,,3.48
2021Q3,,,,,,,,,78.0,31.96,3.0,0.84,49.47,50.0,1.26,-1.15,609.0,4866.38,,1.0,,,动态季度权重（覆盖28/31，缺行业按0）,,,,-6.85
2021Q4,,,,,,,,,77.0,33.34,3.0,0.86,47.69,49.0,0.36,-1.78,650.0,4940.37,,0.0,,,动态季度权重（覆盖28/31，缺行业按0）,,,,1.52
2022Q1,,,,,,,,,80.0,32.03,3.0,0.7,47.48,49.0,0.25,-0.21,705.0,4222.6,,1.0,,,动态季度权重（覆盖28/31，缺行业按0）,,,,-14.53
2022Q2,,,,,,,,,84.0,33.86,4.0,1.12,48.51,50.0,0.73,1.03,719.0,4485.01,,1.0,,,动态季度权重（覆盖29/31，缺行业按0）,,,,6.22
2022Q3,,,,,,,,,77.0,29.1,3.0,0.14,47.86,49.0,0.39,-0.65,740.0,3804.88,,0.0,,,动态季度权重（覆盖29/31，缺行业按0）,,,,-15.16
2022Q4,,,,,,,,,76.0,30.29,4.0,0.48,47.01,48.0,-0.04,-0.85,757.0,3871.63,,1.0,,,动态季度权重（覆盖28/31，缺行业按0）,,,,1.75
2023Q1,,,,,,,,,70.0,28.25,4.0,0.12,46.54,47.0,-0.28,-0.47,783.0,4050.93,,1.0,,,动态季度权重（覆盖28/31，缺行业按0）,,,,4.63
2023Q2,,,,,,,,,73.0,26.18,2.0,-0.45,46.54,47.0,-0.27,0.0,798.0,3842.45,,0.0,,,动态季度权重（覆盖29/31，缺行业按0）,,,,-5.15
2023Q3,,,,,,,,,77.0,26.35,3.0,-0.09,46.34,47.0,-0.37,-0.2,824.0,3689.52,,0.0,,,动态季度权重（覆盖29/31，缺行业按0）,,,,-3.98
2023Q4,,,,,,,,,76.0,26.0,3.0,-0.1,45.7,46.0,-0.71,-0.64,847.0,3431.11,,0.0,,,动态季度权重（覆盖29/31，缺行业按0）,,,,-7.0
2024Q1,0.0752,0.0444,,37.13,54.08,75.1,食品饮料,13.2,86.0,28.48,4.0,0.54,46.3,47.0,-0.36,0.6,869.0,3537.48,,1.0,,,动态季度权重（覆盖29/31，缺行业按0）,0.1897,,0.4629,3.1
2024Q2,0.0757,0.0449,100.0,37.17,52.72,74.96,电子,15.88,96.0,31.1,6.0,1.35,46.59,47.0,-0.19,0.29,894.0,3461.66,,1.0,,,动态季度权重（覆盖28/31，缺行业按0）,0.2428,,0.4579,-2.14
2024Q3,0.0678,0.0367,0.0,35.31,49.21,71.35,电子,13.67,104.0,33.83,9.0,2.15,47.72,49.0,0.46,1.13,917.0,4017.86,,1.0,,,动态季度权重（覆盖28/31，缺行业按0）,0.1729,,0.527,16.07
2024Q4,0.0743,0.0435,33.3333,37.79,51.74,72.11,电子,17.05,96.0,29.17,6.0,0.78,46.34,47.0,-0.35,-1.38,935.0,3934.91,,0.0,,,动态季度权重（覆盖28/31，缺行业按0）,0.1811,,0.5151,-2.06
2025Q1,0.078,0.0472,100.0,37.41,52.6,74.0,电子,18.37,91.0,30.47,6.0,0.76,46.06,48.0,-0.5,-0.28,955.0,3887.31,,0.0,,,动态季度权重（覆盖28/31，缺行业按0）,0.1894,,0.5385,-1.21
2025Q2,0.077,0.0462,80.0,38.34,50.08,73.17,电子,18.09,83.0,25.78,4.0,-0.13,46.02,48.0,-0.52,-0.04,981.0,3936.08,,0.0,,,动态季度权重（覆盖28/31，缺行业按0）,0.1825,,0.602,1.25
2025Q3,0.1143,0.0848,100.0,48.08,63.42,82.28,电子,25.79,99.0,32.63,8.0,1.37,47.82,50.0,0.58,1.8,1005.0,4640.69,,0.0,,,动态季度权重（覆盖28/31，缺行业按0）,0.1809,,0.546,17.9
2025Q4,0.1077,0.0779,85.7143,46.79,62.95,82.87,电子,24.08,105.0,32.73,7.0,1.21,47.52,49.0,0.38,-0.3,1024.0,4629.94,,1.0,,,动态季度权重（覆盖28/31，缺行业按0）,0.1442,,0.5673,-0.23
2026Q1,0.1051,0.0752,75.0,48.03,63.49,83.31,电子,22.13,101.0,30.9,6.0,0.78,46.84,49.0,-0.04,-0.68,1048.0,4450.05,0.69,0.0,-1.0,,动态季度权重（覆盖28/31，缺行业按0）,0.1501,,0.5272,-3.88
2026Q2,0.2314,0.2057,100.0,67.53,79.15,90.25,电子,43.24,123.0,38.27,9.0,2.17,48.53,51.0,1.02,1.69,1074.0,4979.43,4.36,1.0,2.0,100.0,动态季度权重（覆盖26/31，缺行业按0）,0.3106,,0.4854,11.9
