季度,行业,配置比例%,超配比例%,超配Z,超配分位%,超配动量,动量Z,超配P90阈值,成交额占比%,成交额占比分位%,成交额占比加速度,交易拥挤信号,S1持仓拥挤,S2交易拥挤,S3筹码拥挤,共振得分,基准权重%,F12配置系数,F13筹码盈利比例%,F14ETF资金流强度%,综合拥挤度,综合拥挤度_IC加权,综合拥挤度_旧口径,口径背离,拥挤等级,行业涨跌幅%
2016Q1,农林牧渔,,,,,,,,,,,,,,,,0.75,,,,,,,False,数据不足,-11.61
2016Q1,基础化工,,,,,,,,,,,,,,,,1.88,,,,,,,False,数据不足,-16.91
2016Q1,钢铁,,,,,,,,,,,,,,,,0.39,,,,,,,False,数据不足,-17.6
2016Q1,有色金属,,,,,,,,,,,,,,,,5.25,,,,,,,False,数据不足,-11.3
2016Q1,电子,,,,,,,,,,,,,,,,24.21,,,,,,,False,数据不足,-18.12
2016Q1,汽车,,,,,,,,,,,,,,,,2.63,,,,,,,False,数据不足,-14.96
2016Q1,家用电器,,,,,,,,,,,,,,,,2.51,,,,,,,False,数据不足,-15.08
2016Q1,食品饮料,,,,,,,,,,,,,,,,4.71,,,,,,,False,数据不足,-8.02
2016Q1,纺织服饰,,,,,,,,,,,,,,,,,,,,,,,False,数据不足,-15.81
2016Q1,轻工制造,,,,,,,,,,,,,,,,,,,,,,,False,数据不足,-19.84
2016Q1,医药生物,,,,,,,,,,,,,,,,3.52,,,,,,,False,数据不足,-18.6
2016Q1,公用事业,,,,,,,,,,,,,,,,2.48,,,,,,,False,数据不足,-19.19
2016Q1,交通运输,,,,,,,,,,,,,,,,2.42,,,,,,,False,数据不足,-19.04
2016Q1,房地产,,,,,,,,,,,,,,,,0.33,,,,,,,False,数据不足,-18.14
2016Q1,商贸零售,,,,,,,,,,,,,,,,0.28,,,,,,,False,数据不足,-18.8
2016Q1,社会服务,,,,,,,,,,,,,,,,,,,,,,,False,数据不足,-17.32
2016Q1,银行,,,,,,,,,,,,,,,,9.36,,,,,,,False,数据不足,-8.75
2016Q1,非银金融,,,,,,,,,,,,,,,,7.79,,,,,,,False,数据不足,-14.64
2016Q1,综合,,,,,,,,,,,,,,,,,,,,,,,False,数据不足,-20.34
2016Q1,建筑材料,,,,,,,,,,,,,,,,0.76,,,,,,,False,数据不足,-15.02
2016Q1,建筑装饰,,,,,,,,,,,,,,,,1.14,,,,,,,False,数据不足,-15.98
2016Q1,电力设备,,,,,,,,,,,,,,,,8.13,,,,,,,False,数据不足,-19.26
2016Q1,机械设备,,,,,,,,,,,,,,,,2.84,,,,,,,False,数据不足,-21.03
2016Q1,国防军工,,,,,,,,,,,,,,,,1.84,,,,,,,False,数据不足,-18.13
2016Q1,计算机,,,,,,,,,,,,,,,,3.04,,,,,,,False,数据不足,-22.29
2016Q1,传媒,,,,,,,,,,,,,,,,0.82,,,,,,,False,数据不足,-20.7
2016Q1,通信,,,,,,,,,,,,,,,,10.82,,,,,,,False,数据不足,-21.32
2016Q1,煤炭,,,,,,,,,,,,,,,,0.85,,,,,,,False,数据不足,-8.59
2016Q1,石油石化,,,,,,,,,,,,,,,,1.21,,,,,,,False,数据不足,-13.46
2016Q1,环保,,,,,,,,,,,,,,,,,,,,,,,False,数据不足,-20.62
2016Q1,美容护理,,,,,,,,,,,,,,,,0.05,,,,,,,False,数据不足,-18.29
2016Q2,农林牧渔,,,,,,,,,,,,,,,,0.61,,,,,,,False,数据不足,-2.22
2016Q2,基础化工,,,,,,,,,,,,,,,,1.54,,,,,,,False,数据不足,1.98
2016Q2,钢铁,,,,,,,,,,,,,,,,1.21,,,,,,,False,数据不足,-5.34
2016Q2,有色金属,,,,,,,,,,,,,,,,2.31,,,,,,,False,数据不足,6.94
2016Q2,电子,,,,,,,,,,,,,,,,2.34,,,,,,,False,数据不足,11.38
2016Q2,汽车,,,,,,,,,,,,,,,,3.14,,,,,,,False,数据不足,3.58
2016Q2,家用电器,,,,,,,,,,,,,,,,2.65,,,,,,,False,数据不足,5.11
2016Q2,食品饮料,,,,,,,,,,,,,,,,5.01,,,,,,,False,数据不足,9.53
2016Q2,纺织服饰,,,,,,,,,,,,,,,,0.56,,,,,,,False,数据不足,-3.45
2016Q2,轻工制造,,,,,,,,,,,,,,,,0.0,,,,,,,False,数据不足,1.38
2016Q2,医药生物,,,,,,,,,,,,,,,,5.4,,,,,,,False,数据不足,1.88
2016Q2,公用事业,,,,,,,,,,,,,,,,4.01,,,,,,,False,数据不足,-4.63
2016Q2,交通运输,,,,,,,,,,,,,,,,3.4,,,,,,,False,数据不足,-7.13
2016Q2,房地产,,,,,,,,,,,,,,,,5.84,,,,,,,False,数据不足,-3.59
2016Q2,商贸零售,,,,,,,,,,,,,,,,1.56,,,,,,,False,数据不足,-5.82
2016Q2,社会服务,,,,,,,,,,,,,,,,0.17,,,,,,,False,数据不足,-6.88
2016Q2,银行,,,,,,,,,,,,,,,,18.49,,,,,,,False,数据不足,0.24
2016Q2,非银金融,,,,,,,,,,,,,,,,18.21,,,,,,,False,数据不足,-2.59
2016Q2,综合,,,,,,,,,,,,,,,,0.0,,,,,,,False,数据不足,-1.63
2016Q2,建筑材料,,,,,,,,,,,,,,,,0.46,,,,,,,False,数据不足,-3.11
2016Q2,建筑装饰,,,,,,,,,,,,,,,,3.26,,,,,,,False,数据不足,-5.11
2016Q2,电力设备,,,,,,,,,,,,,,,,1.67,,,,,,,False,数据不足,3.93
2016Q2,机械设备,,,,,,,,,,,,,,,,2.87,,,,,,,False,数据不足,2.17
2016Q2,国防军工,,,,,,,,,,,,,,,,2.34,,,,,,,False,数据不足,-1.54
2016Q2,计算机,,,,,,,,,,,,,,,,4.51,,,,,,,False,数据不足,1.54
2016Q2,传媒,,,,,,,,,,,,,,,,4.06,,,,,,,False,数据不足,-5.96
2016Q2,通信,,,,,,,,,,,,,,,,1.54,,,,,,,False,数据不足,2.88
2016Q2,煤炭,,,,,,,,,,,,,,,,0.61,,,,,,,False,数据不足,-2.95
2016Q2,石油石化,,,,,,,,,,,,,,,,1.65,,,,,,,False,数据不足,-3.17
2016Q2,环保,,,,,,,,,,,,,,,,0.56,,,,,,,False,数据不足,-1.59
2016Q2,美容护理,,,,,,,,,,,,,,,,0.0,,,,,,,False,数据不足,1.95
2016Q3,农林牧渔,,,,,,,,,,,,,,,,0.57,,,,,,,False,数据不足,1.45
2016Q3,基础化工,,,,,,,,,,,,,,,,1.59,,,,,,,False,数据不足,4.78
2016Q3,钢铁,,,,,,,,,,,,,,,,1.21,,,,,,,False,数据不足,6.84
2016Q3,有色金属,,,,,,,,,,,,,,,,2.19,,,,,,,False,数据不足,-2.31
2016Q3,电子,,,,,,,,,,,,,,,,2.52,,,,,,,False,数据不足,-1.83
2016Q3,汽车,,,,,,,,,,,,,,,,3.22,,,,,,,False,数据不足,1.79
2016Q3,家用电器,,,,,,,,,,,,,,,,2.88,,,,,,,False,数据不足,8.49
2016Q3,食品饮料,,,,,,,,,,,,,,,,4.88,,,,,,,False,数据不足,0.73
2016Q3,纺织服饰,,,,,,,,,,,,,,,,0.55,,,,,,,False,数据不足,1.7
2016Q3,轻工制造,,,,,,,,,,,,,,,,0.0,,,,,,,False,数据不足,5.19
2016Q3,医药生物,,,,,,,,,,,,,,,,5.7,,,,,,,False,数据不足,6.78
2016Q3,公用事业,,,,,,,,,,,,,,,,3.95,,,,,,,False,数据不足,6.34
2016Q3,交通运输,,,,,,,,,,,,,,,,3.37,,,,,,,False,数据不足,0.15
2016Q3,房地产,,,,,,,,,,,,,,,,6.15,,,,,,,False,数据不足,7.59
2016Q3,商贸零售,,,,,,,,,,,,,,,,1.54,,,,,,,False,数据不足,5.98
2016Q3,社会服务,,,,,,,,,,,,,,,,0.16,,,,,,,False,数据不足,5.47
2016Q3,银行,,,,,,,,,,,,,,,,18.45,,,,,,,False,数据不足,3.08
2016Q3,非银金融,,,,,,,,,,,,,,,,17.82,,,,,,,False,数据不足,1.68
2016Q3,综合,,,,,,,,,,,,,,,,0.0,,,,,,,False,数据不足,9.66
2016Q3,建筑材料,,,,,,,,,,,,,,,,0.51,,,,,,,False,数据不足,12.73
2016Q3,建筑装饰,,,,,,,,,,,,,,,,3.44,,,,,,,False,数据不足,9.14
2016Q3,电力设备,,,,,,,,,,,,,,,,1.73,,,,,,,False,数据不足,-2.0
2016Q3,机械设备,,,,,,,,,,,,,,,,2.78,,,,,,,False,数据不足,-0.39
2016Q3,国防军工,,,,,,,,,,,,,,,,2.25,,,,,,,False,数据不足,-1.19
2016Q3,计算机,,,,,,,,,,,,,,,,4.25,,,,,,,False,数据不足,-5.86
2016Q3,传媒,,,,,,,,,,,,,,,,3.77,,,,,,,False,数据不足,-2.8
2016Q3,通信,,,,,,,,,,,,,,,,1.64,,,,,,,False,数据不足,3.92
2016Q3,煤炭,,,,,,,,,,,,,,,,0.64,,,,,,,False,数据不足,13.83
2016Q3,石油石化,,,,,,,,,,,,,,,,1.6,,,,,,,False,数据不足,2.93
2016Q3,环保,,,,,,,,,,,,,,,,0.63,,,,,,,False,数据不足,12.58
2016Q3,美容护理,,,,,,,,,,,,,,,,0.0,,,,,,,False,数据不足,5.33
2016Q4,农林牧渔,,,,,,,,,,,,,,,,0.78,,,,,,,False,数据不足,4.26
2016Q4,基础化工,,,,,,,,,,,,,,,,1.84,,,,,,,False,数据不足,4.6
2016Q4,钢铁,,,,,,,,,,,,,,,,1.1,,,,,,,False,数据不足,10.24
2016Q4,有色金属,,,,,,,,,,,,,,,,2.52,,,,,,,False,数据不足,1.26
2016Q4,电子,,,,,,,,,,,,,,,,2.69,,,,,,,False,数据不足,-2.49
2016Q4,汽车,,,,,,,,,,,,,,,,3.45,,,,,,,False,数据不足,0.9
2016Q4,家用电器,,,,,,,,,,,,,,,,3.3,,,,,,,False,数据不足,1.34
2016Q4,食品饮料,,,,,,,,,,,,,,,,4.77,,,,,,,False,数据不足,5.87
2016Q4,纺织服饰,,,,,,,,,,,,,,,,0.39,,,,,,,False,数据不足,4.56
2016Q4,轻工制造,,,,,,,,,,,,,,,,0.0,,,,,,,False,数据不足,0.19
2016Q4,医药生物,,,,,,,,,,,,,,,,4.86,,,,,,,False,数据不足,-2.28
2016Q4,公用事业,,,,,,,,,,,,,,,,3.0,,,,,,,False,数据不足,0.43
2016Q4,交通运输,,,,,,,,,,,,,,,,3.21,,,,,,,False,数据不足,2.78
2016Q4,房地产,,,,,,,,,,,,,,,,5.51,,,,,,,False,数据不足,-3.06
2016Q4,商贸零售,,,,,,,,,,,,,,,,1.54,,,,,,,False,数据不足,6.77
2016Q4,社会服务,,,,,,,,,,,,,,,,0.18,,,,,,,False,数据不足,-2.95
2016Q4,银行,,,,,,,,,,,,,,,,17.83,,,,,,,False,数据不足,0.83
2016Q4,非银金融,,,,,,,,,,,,,,,,18.12,,,,,,,False,数据不足,0.91
2016Q4,综合,,,,,,,,,,,,,,,,0.0,,,,,,,False,数据不足,1.38
2016Q4,建筑材料,,,,,,,,,,,,,,,,0.37,,,,,,,False,数据不足,7.77
2016Q4,建筑装饰,,,,,,,,,,,,,,,,4.54,,,,,,,False,数据不足,14.43
2016Q4,电力设备,,,,,,,,,,,,,,,,2.01,,,,,,,False,数据不足,0.7
2016Q4,机械设备,,,,,,,,,,,,,,,,2.83,,,,,,,False,数据不足,3.47
2016Q4,国防军工,,,,,,,,,,,,,,,,2.39,,,,,,,False,数据不足,2.23
2016Q4,计算机,,,,,,,,,,,,,,,,4.35,,,,,,,False,数据不足,-6.21
2016Q4,传媒,,,,,,,,,,,,,,,,3.53,,,,,,,False,数据不足,-6.72
2016Q4,通信,,,,,,,,,,,,,,,,2.0,,,,,,,False,数据不足,-0.08
2016Q4,煤炭,,,,,,,,,,,,,,,,0.64,,,,,,,False,数据不足,-0.9
2016Q4,石油石化,,,,,,,,,,,,,,,,1.61,,,,,,,False,数据不足,11.62
2016Q4,环保,,,,,,,,,,,,,,,,0.65,,,,,,,False,数据不足,-2.66
2016Q4,美容护理,,,,,,,,,,,,,,,,0.0,,,,,,,False,数据不足,2.13
2017Q1,农林牧渔,,,,,,,,,,,,,,,,0.75,,,,,,,False,数据不足,-3.99
2017Q1,基础化工,,,,,,,,,,,,,,,,1.88,,,,,,,False,数据不足,0.47
2017Q1,钢铁,,,,,,,,,,,,,,,,0.39,,,,,,,False,数据不足,6.07
2017Q1,有色金属,,,,,,,,,,,,,,,,5.25,,,,,,,False,数据不足,4.83
2017Q1,电子,,,,,,,,,,,,,,,,24.21,,,,,,,False,数据不足,5.02
2017Q1,汽车,,,,,,,,,,,,,,,,2.63,,,,,,,False,数据不足,4.4
2017Q1,家用电器,,,,,,,,,,,,,,,,2.51,,,,,,,False,数据不足,13.79
2017Q1,食品饮料,,,,,,,,,,,,,,,,4.71,,,,,,,False,数据不足,9.55
2017Q1,纺织服饰,,,,,,,,,,,,,,,,,,,,,,,False,数据不足,-3.78
2017Q1,轻工制造,,,,,,,,,,,,,,,,,,,,,,,False,数据不足,1.81
2017Q1,医药生物,,,,,,,,,,,,,,,,3.52,,,,,,,False,数据不足,0.71
2017Q1,公用事业,,,,,,,,,,,,,,,,2.48,,,,,,,False,数据不足,2.74
2017Q1,交通运输,,,,,,,,,,,,,,,,2.42,,,,,,,False,数据不足,5.62
2017Q1,房地产,,,,,,,,,,,,,,,,0.33,,,,,,,False,数据不足,-0.74
2017Q1,商贸零售,,,,,,,,,,,,,,,,0.28,,,,,,,False,数据不足,-3.25
2017Q1,社会服务,,,,,,,,,,,,,,,,,,,,,,,False,数据不足,3.82
2017Q1,银行,,,,,,,,,,,,,,,,9.36,,,,,,,False,数据不足,3.73
2017Q1,非银金融,,,,,,,,,,,,,,,,7.79,,,,,,,False,数据不足,-0.86
2017Q1,综合,,,,,,,,,,,,,,,,,,,,,,,False,数据不足,-3.33
2017Q1,建筑材料,,,,,,,,,,,,,,,,0.76,,,,,,,False,数据不足,5.8
2017Q1,建筑装饰,,,,,,,,,,,,,,,,1.14,,,,,,,False,数据不足,6.6
2017Q1,电力设备,,,,,,,,,,,,,,,,8.13,,,,,,,False,数据不足,0.71
2017Q1,机械设备,,,,,,,,,,,,,,,,2.84,,,,,,,False,数据不足,2.75
2017Q1,国防军工,,,,,,,,,,,,,,,,1.84,,,,,,,False,数据不足,7.45
2017Q1,计算机,,,,,,,,,,,,,,,,3.04,,,,,,,False,数据不足,-2.2
2017Q1,传媒,,,,,,,,,,,,,,,,0.82,,,,,,,False,数据不足,-5.3
2017Q1,通信,,,,,,,,,,,,,,,,10.82,,,,,,,False,数据不足,-0.74
2017Q1,煤炭,,,,,,,,,,,,,,,,0.85,,,,,,,False,数据不足,5.91
2017Q1,石油石化,,,,,,,,,,,,,,,,1.21,,,,,,,False,数据不足,-1.86
2017Q1,环保,,,,,,,,,,,,,,,,,,,,,,,False,数据不足,4.73
2017Q1,美容护理,,,,,,,,,,,,,,,,0.05,,,,,,,False,数据不足,7.13
2017Q2,农林牧渔,,,,,,,,,,,,,,,,0.62,,,,,,,False,数据不足,-11.39
2017Q2,基础化工,,,,,,,,,,,,,,,,1.85,,,,,,,False,数据不足,-6.81
2017Q2,钢铁,,,,,,,,,,,,,,,,1.14,,,,,,,False,数据不足,-2.3
2017Q2,有色金属,,,,,,,,,,,,,,,,2.4,,,,,,,False,数据不足,-5.21
2017Q2,电子,,,,,,,,,,,,,,,,3.28,,,,,,,False,数据不足,-0.9
2017Q2,汽车,,,,,,,,,,,,,,,,3.48,,,,,,,False,数据不足,-2.63
2017Q2,家用电器,,,,,,,,,,,,,,,,4.53,,,,,,,False,数据不足,14.1
2017Q2,食品饮料,,,,,,,,,,,,,,,,5.62,,,,,,,False,数据不足,7.72
2017Q2,纺织服饰,,,,,,,,,,,,,,,,0.32,,,,,,,False,数据不足,-10.99
2017Q2,轻工制造,,,,,,,,,,,,,,,,0.03,,,,,,,False,数据不足,-9.63
2017Q2,医药生物,,,,,,,,,,,,,,,,5.13,,,,,,,False,数据不足,-0.61
2017Q2,公用事业,,,,,,,,,,,,,,,,2.9,,,,,,,False,数据不足,-1.59
2017Q2,交通运输,,,,,,,,,,,,,,,,3.22,,,,,,,False,数据不足,-1.61
2017Q2,房地产,,,,,,,,,,,,,,,,5.64,,,,,,,False,数据不足,-0.01
2017Q2,商贸零售,,,,,,,,,,,,,,,,1.38,,,,,,,False,数据不足,-7.8
2017Q2,社会服务,,,,,,,,,,,,,,,,0.15,,,,,,,False,数据不足,-9.14
2017Q2,银行,,,,,,,,,,,,,,,,17.21,,,,,,,False,数据不足,3.06
2017Q2,非银金融,,,,,,,,,,,,,,,,17.59,,,,,,,False,数据不足,8.61
2017Q2,综合,,,,,,,,,,,,,,,,0.16,,,,,,,False,数据不足,-11.39
2017Q2,建筑材料,,,,,,,,,,,,,,,,0.64,,,,,,,False,数据不足,-2.77
2017Q2,建筑装饰,,,,,,,,,,,,,,,,4.39,,,,,,,False,数据不足,-4.95
2017Q2,电力设备,,,,,,,,,,,,,,,,1.7,,,,,,,False,数据不足,-9.54
2017Q2,机械设备,,,,,,,,,,,,,,,,2.62,,,,,,,False,数据不足,-9.34
2017Q2,国防军工,,,,,,,,,,,,,,,,1.92,,,,,,,False,数据不足,-16.84
2017Q2,计算机,,,,,,,,,,,,,,,,4.15,,,,,,,False,数据不足,-3.32
2017Q2,传媒,,,,,,,,,,,,,,,,2.83,,,,,,,False,数据不足,-7.4
2017Q2,通信,,,,,,,,,,,,,,,,2.23,,,,,,,False,数据不足,-4.78
2017Q2,煤炭,,,,,,,,,,,,,,,,0.81,,,,,,,False,数据不足,-1.93
2017Q2,石油石化,,,,,,,,,,,,,,,,1.41,,,,,,,False,数据不足,-6.79
2017Q2,环保,,,,,,,,,,,,,,,,0.66,,,,,,,False,数据不足,1.66
2017Q2,美容护理,,,,,,,,,,,,,,,,0.0,,,,,,,False,数据不足,-7.21
2017Q3,农林牧渔,,,,,,,,,,,,,,,,0.62,,,,,,,False,数据不足,2.07
2017Q3,基础化工,,,,,,,,,,,,,,,,1.99,,,,,,,False,数据不足,8.32
2017Q3,钢铁,,,,,,,,,,,,,,,,1.21,,,,,,,False,数据不足,18.96
2017Q3,有色金属,,,,,,,,,,,,,,,,2.88,,,,,,,False,数据不足,28.13
2017Q3,电子,,,,,,,,,,,,,,,,3.37,,,,,,,False,数据不足,9.77
2017Q3,汽车,,,,,,,,,,,,,,,,3.44,,,,,,,False,数据不足,4.84
2017Q3,家用电器,,,,,,,,,,,,,,,,4.23,,,,,,,False,数据不足,-1.65
2017Q3,食品饮料,,,,,,,,,,,,,,,,6.07,,,,,,,False,数据不足,11.52
2017Q3,纺织服饰,,,,,,,,,,,,,,,,0.29,,,,,,,False,数据不足,-1.97
2017Q3,轻工制造,,,,,,,,,,,,,,,,0.03,,,,,,,False,数据不足,5.19
2017Q3,医药生物,,,,,,,,,,,,,,,,4.81,,,,,,,False,数据不足,-0.08
2017Q3,公用事业,,,,,,,,,,,,,,,,2.72,,,,,,,False,数据不足,-3.14
2017Q3,交通运输,,,,,,,,,,,,,,,,3.17,,,,,,,False,数据不足,2.34
2017Q3,房地产,,,,,,,,,,,,,,,,5.32,,,,,,,False,数据不足,1.14
2017Q3,商贸零售,,,,,,,,,,,,,,,,1.44,,,,,,,False,数据不足,3.68
2017Q3,社会服务,,,,,,,,,,,,,,,,0.12,,,,,,,False,数据不足,3.34
2017Q3,银行,,,,,,,,,,,,,,,,17.16,,,,,,,False,数据不足,3.99
2017Q3,非银金融,,,,,,,,,,,,,,,,18.14,,,,,,,False,数据不足,7.86
2017Q3,综合,,,,,,,,,,,,,,,,0.16,,,,,,,False,数据不足,6.21
2017Q3,建筑材料,,,,,,,,,,,,,,,,0.65,,,,,,,False,数据不足,5.58
2017Q3,建筑装饰,,,,,,,,,,,,,,,,4.11,,,,,,,False,数据不足,0.37
2017Q3,电力设备,,,,,,,,,,,,,,,,1.64,,,,,,,False,数据不足,7.27
2017Q3,机械设备,,,,,,,,,,,,,,,,2.58,,,,,,,False,数据不足,2.45
2017Q3,国防军工,,,,,,,,,,,,,,,,1.89,,,,,,,False,数据不足,4.02
2017Q3,计算机,,,,,,,,,,,,,,,,4.18,,,,,,,False,数据不足,5.02
2017Q3,传媒,,,,,,,,,,,,,,,,2.63,,,,,,,False,数据不足,-3.09
2017Q3,通信,,,,,,,,,,,,,,,,2.37,,,,,,,False,数据不足,10.54
2017Q3,煤炭,,,,,,,,,,,,,,,,0.82,,,,,,,False,数据不足,15.92
2017Q3,石油石化,,,,,,,,,,,,,,,,1.35,,,,,,,False,数据不足,2.57
2017Q3,环保,,,,,,,,,,,,,,,,0.62,,,,,,,False,数据不足,-3.19
2017Q3,美容护理,,,,,,,,,,,,,,,,0.0,,,,,,,False,数据不足,-0.53
2017Q4,农林牧渔,,,,,,,,,,,,,,,,0.47,,,,,,,False,数据不足,0.63
2017Q4,基础化工,,,,,,,,,,,,,,,,1.85,,,,,,,False,数据不足,-5.15
2017Q4,钢铁,,,,,,,,,,,,,,,,1.26,,,,,,,False,数据不足,-2.87
2017Q4,有色金属,,,,,,,,,,,,,,,,3.32,,,,,,,False,数据不足,-9.37
2017Q4,电子,,,,,,,,,,,,,,,,3.82,,,,,,,False,数据不足,-0.68
2017Q4,汽车,,,,,,,,,,,,,,,,3.55,,,,,,,False,数据不足,-6.66
2017Q4,家用电器,,,,,,,,,,,,,,,,4.62,,,,,,,False,数据不足,12.02
2017Q4,食品饮料,,,,,,,,,,,,,,,,7.17,,,,,,,False,数据不足,16.91
2017Q4,纺织服饰,,,,,,,,,,,,,,,,0.27,,,,,,,False,数据不足,-9.3
2017Q4,轻工制造,,,,,,,,,,,,,,,,0.24,,,,,,,False,数据不足,-9.72
2017Q4,医药生物,,,,,,,,,,,,,,,,5.47,,,,,,,False,数据不足,3.55
2017Q4,公用事业,,,,,,,,,,,,,,,,2.98,,,,,,,False,数据不足,-5.08
2017Q4,交通运输,,,,,,,,,,,,,,,,3.44,,,,,,,False,数据不足,0.17
2017Q4,房地产,,,,,,,,,,,,,,,,5.03,,,,,,,False,数据不足,0.43
2017Q4,商贸零售,,,,,,,,,,,,,,,,1.31,,,,,,,False,数据不足,-6.58
2017Q4,社会服务,,,,,,,,,,,,,,,,0.12,,,,,,,False,数据不足,-1.69
2017Q4,银行,,,,,,,,,,,,,,,,16.84,,,,,,,False,数据不足,1.91
2017Q4,非银金融,,,,,,,,,,,,,,,,17.34,,,,,,,False,数据不足,0.99
2017Q4,综合,,,,,,,,,,,,,,,,0.14,,,,,,,False,数据不足,-13.69
2017Q4,建筑材料,,,,,,,,,,,,,,,,0.65,,,,,,,False,数据不足,-2.36
2017Q4,建筑装饰,,,,,,,,,,,,,,,,3.52,,,,,,,False,数据不足,-7.82
2017Q4,电力设备,,,,,,,,,,,,,,,,2.02,,,,,,,False,数据不足,-6.33
2017Q4,机械设备,,,,,,,,,,,,,,,,2.41,,,,,,,False,数据不足,-5.9
2017Q4,国防军工,,,,,,,,,,,,,,,,1.44,,,,,,,False,数据不足,-10.31
2017Q4,计算机,,,,,,,,,,,,,,,,3.52,,,,,,,False,数据不足,-10.64
2017Q4,传媒,,,,,,,,,,,,,,,,2.17,,,,,,,False,数据不足,-9.52
2017Q4,通信,,,,,,,,,,,,,,,,2.27,,,,,,,False,数据不足,-7.21
2017Q4,煤炭,,,,,,,,,,,,,,,,1.01,,,,,,,False,数据不足,-6.26
2017Q4,石油石化,,,,,,,,,,,,,,,,1.23,,,,,,,False,数据不足,1.58
2017Q4,环保,,,,,,,,,,,,,,,,0.53,,,,,,,False,数据不足,-5.5
2017Q4,美容护理,,,,,,,,,,,,,,,,0.0,,,,,,,False,数据不足,-3.29
2018Q1,农林牧渔,,,,,,,,,,,,,,,,0.75,,,,,,,False,数据不足,-7.42
2018Q1,基础化工,,,,,,,,,,,,,,,,1.88,,,,,,,False,数据不足,-3.5
2018Q1,钢铁,,,,,,,,,,,,,,,,0.39,,,,,,,False,数据不足,-5.7
2018Q1,有色金属,,,,,,,,,,,,,,,,5.25,,,,,,,False,数据不足,-5.84
2018Q1,电子,,,,,,,,,,,,,,,,24.21,,,,,,,False,数据不足,-3.82
2018Q1,汽车,,,,,,,,,,,,,,,,2.63,,,,,,,False,数据不足,-7.64
2018Q1,家用电器,,,,,,,,,,,,,,,,2.51,,,,,,,False,数据不足,-1.56
2018Q1,食品饮料,,,,,,,,,,,,,,,,4.71,,,,,,,False,数据不足,-7.09
2018Q1,纺织服饰,,,,,,,,,,,,,,,,,,,,,,,False,数据不足,-4.06
2018Q1,轻工制造,,,,,,,,,,,,,,,,,,,,,,,False,数据不足,-2.88
2018Q1,医药生物,,,,,,,,,,,,,,,,3.52,,,,,,,False,数据不足,5.96
2018Q1,公用事业,,,,,,,,,,,,,,,,2.48,,,,,,,False,数据不足,-7.05
2018Q1,交通运输,,,,,,,,,,,,,,,,2.42,,,,,,,False,数据不足,-5.2
2018Q1,房地产,,,,,,,,,,,,,,,,0.33,,,,,,,False,数据不足,-1.18
2018Q1,商贸零售,,,,,,,,,,,,,,,,0.28,,,,,,,False,数据不足,-2.11
2018Q1,社会服务,,,,,,,,,,,,,,,,,,,,,,,False,数据不足,6.37
2018Q1,银行,,,,,,,,,,,,,,,,9.36,,,,,,,False,数据不足,-2.09
2018Q1,非银金融,,,,,,,,,,,,,,,,7.79,,,,,,,False,数据不足,-8.29
2018Q1,综合,,,,,,,,,,,,,,,,,,,,,,,False,数据不足,-11.09
2018Q1,建筑材料,,,,,,,,,,,,,,,,0.76,,,,,,,False,数据不足,-1.31
2018Q1,建筑装饰,,,,,,,,,,,,,,,,1.14,,,,,,,False,数据不足,-6.97
2018Q1,电力设备,,,,,,,,,,,,,,,,8.13,,,,,,,False,数据不足,-4.77
2018Q1,机械设备,,,,,,,,,,,,,,,,2.84,,,,,,,False,数据不足,-7.07
2018Q1,国防军工,,,,,,,,,,,,,,,,1.84,,,,,,,False,数据不足,-2.21
2018Q1,计算机,,,,,,,,,,,,,,,,3.04,,,,,,,False,数据不足,11.33
2018Q1,传媒,,,,,,,,,,,,,,,,0.82,,,,,,,False,数据不足,-1.82
2018Q1,通信,,,,,,,,,,,,,,,,10.82,,,,,,,False,数据不足,-4.53
2018Q1,煤炭,,,,,,,,,,,,,,,,0.85,,,,,,,False,数据不足,-10.18
2018Q1,石油石化,,,,,,,,,,,,,,,,1.21,,,,,,,False,数据不足,-2.07
2018Q1,环保,,,,,,,,,,,,,,,,,,,,,,,False,数据不足,-10.45
2018Q1,美容护理,,,,,,,,,,,,,,,,0.05,,,,,,,False,数据不足,3.6
2018Q2,农林牧渔,,,,,,,,,,,,,,,,0.35,,,,,,,False,数据不足,-11.15
2018Q2,基础化工,,,,,,,,,,,,,,,,2.0,,,,,,,False,数据不足,-9.97
2018Q2,钢铁,,,,,,,,,,,,,,,,1.37,,,,,,,False,数据不足,-9.82
2018Q2,有色金属,,,,,,,,,,,,,,,,2.9,,,,,,,False,数据不足,-17.98
2018Q2,电子,,,,,,,,,,,,,,,,3.27,,,,,,,False,数据不足,-17.86
2018Q2,汽车,,,,,,,,,,,,,,,,3.56,,,,,,,False,数据不足,-11.02
2018Q2,家用电器,,,,,,,,,,,,,,,,5.32,,,,,,,False,数据不足,-4.95
2018Q2,食品饮料,,,,,,,,,,,,,,,,8.52,,,,,,,False,数据不足,7.78
2018Q2,纺织服饰,,,,,,,,,,,,,,,,0.46,,,,,,,False,数据不足,-11.5
2018Q2,轻工制造,,,,,,,,,,,,,,,,0.35,,,,,,,False,数据不足,-16.06
2018Q2,医药生物,,,,,,,,,,,,,,,,7.35,,,,,,,False,数据不足,-2.69
2018Q2,公用事业,,,,,,,,,,,,,,,,2.86,,,,,,,False,数据不足,-14.49
2018Q2,交通运输,,,,,,,,,,,,,,,,3.42,,,,,,,False,数据不足,-11.16
2018Q2,房地产,,,,,,,,,,,,,,,,4.53,,,,,,,False,数据不足,-17.88
2018Q2,商贸零售,,,,,,,,,,,,,,,,1.51,,,,,,,False,数据不足,-14.65
2018Q2,社会服务,,,,,,,,,,,,,,,,0.16,,,,,,,False,数据不足,2.46
2018Q2,银行,,,,,,,,,,,,,,,,16.68,,,,,,,False,数据不足,-11.55
2018Q2,非银金融,,,,,,,,,,,,,,,,15.4,,,,,,,False,数据不足,-13.23
2018Q2,综合,,,,,,,,,,,,,,,,0.09,,,,,,,False,数据不足,-22.58
2018Q2,建筑材料,,,,,,,,,,,,,,,,1.08,,,,,,,False,数据不足,-17.56
2018Q2,建筑装饰,,,,,,,,,,,,,,,,3.14,,,,,,,False,数据不足,-16.89
2018Q2,电力设备,,,,,,,,,,,,,,,,1.88,,,,,,,False,数据不足,-21.12
2018Q2,机械设备,,,,,,,,,,,,,,,,2.16,,,,,,,False,数据不足,-17.12
2018Q2,国防军工,,,,,,,,,,,,,,,,1.06,,,,,,,False,数据不足,-20.08
2018Q2,计算机,,,,,,,,,,,,,,,,3.83,,,,,,,False,数据不足,-15.08
2018Q2,传媒,,,,,,,,,,,,,,,,1.94,,,,,,,False,数据不足,-19.74
2018Q2,通信,,,,,,,,,,,,,,,,1.61,,,,,,,False,数据不足,-23.68
2018Q2,煤炭,,,,,,,,,,,,,,,,1.04,,,,,,,False,数据不足,-10.72
2018Q2,石油石化,,,,,,,,,,,,,,,,1.68,,,,,,,False,数据不足,-7.09
2018Q2,环保,,,,,,,,,,,,,,,,0.46,,,,,,,False,数据不足,-18.14
2018Q2,美容护理,,,,,,,,,,,,,,,,0.0,,,,,,,False,数据不足,-6.71
2018Q3,农林牧渔,,,,,,,,,,,,,,,,0.35,,,,,,,False,数据不足,-5.66
2018Q3,基础化工,,,,,,,,,,,,,,,,1.86,,,,,,,False,数据不足,-5.54
2018Q3,钢铁,,,,,,,,,,,,,,,,1.42,,,,,,,False,数据不足,2.14
2018Q3,有色金属,,,,,,,,,,,,,,,,2.68,,,,,,,False,数据不足,-11.16
2018Q3,电子,,,,,,,,,,,,,,,,2.94,,,,,,,False,数据不足,-14.44
2018Q3,汽车,,,,,,,,,,,,,,,,3.42,,,,,,,False,数据不足,-9.45
2018Q3,家用电器,,,,,,,,,,,,,,,,4.42,,,,,,,False,数据不足,-17.49
2018Q3,食品饮料,,,,,,,,,,,,,,,,8.3,,,,,,,False,数据不足,-5.29
2018Q3,纺织服饰,,,,,,,,,,,,,,,,0.42,,,,,,,False,数据不足,-15.12
2018Q3,轻工制造,,,,,,,,,,,,,,,,0.25,,,,,,,False,数据不足,-12.67
2018Q3,医药生物,,,,,,,,,,,,,,,,6.51,,,,,,,False,数据不足,-14.47
2018Q3,公用事业,,,,,,,,,,,,,,,,2.97,,,,,,,False,数据不足,-4.18
2018Q3,交通运输,,,,,,,,,,,,,,,,3.18,,,,,,,False,数据不足,-7.09
2018Q3,房地产,,,,,,,,,,,,,,,,4.45,,,,,,,False,数据不足,-7.25
2018Q3,商贸零售,,,,,,,,,,,,,,,,1.56,,,,,,,False,数据不足,-7.79
2018Q3,社会服务,,,,,,,,,,,,,,,,0.15,,,,,,,False,数据不足,-7.04
2018Q3,银行,,,,,,,,,,,,,,,,18.59,,,,,,,False,数据不足,8.96
2018Q3,非银金融,,,,,,,,,,,,,,,,16.5,,,,,,,False,数据不足,4.58
2018Q3,综合,,,,,,,,,,,,,,,,0.06,,,,,,,False,数据不足,-8.43
2018Q3,建筑材料,,,,,,,,,,,,,,,,1.17,,,,,,,False,数据不足,-1.72
2018Q3,建筑装饰,,,,,,,,,,,,,,,,3.37,,,,,,,False,数据不足,-1.11
2018Q3,电力设备,,,,,,,,,,,,,,,,1.9,,,,,,,False,数据不足,-7.63
2018Q3,机械设备,,,,,,,,,,,,,,,,2.11,,,,,,,False,数据不足,-7.76
2018Q3,国防军工,,,,,,,,,,,,,,,,1.12,,,,,,,False,数据不足,1.82
2018Q3,计算机,,,,,,,,,,,,,,,,3.42,,,,,,,False,数据不足,-7.18
2018Q3,传媒,,,,,,,,,,,,,,,,1.74,,,,,,,False,数据不足,-14.32
2018Q3,通信,,,,,,,,,,,,,,,,1.82,,,,,,,False,数据不足,-1.79
2018Q3,煤炭,,,,,,,,,,,,,,,,1.05,,,,,,,False,数据不足,-3.02
2018Q3,石油石化,,,,,,,,,,,,,,,,1.91,,,,,,,False,数据不足,9.36
2018Q3,环保,,,,,,,,,,,,,,,,0.36,,,,,,,False,数据不足,-15.61
2018Q3,美容护理,,,,,,,,,,,,,,,,0.0,,,,,,,False,数据不足,-14.48
2018Q4,农林牧渔,,,,,,,,,,,,,,,,0.55,,,,,,,False,数据不足,-0.07
2018Q4,基础化工,,,,,,,,,,,,,,,,1.6,,,,,,,False,数据不足,-16.81
2018Q4,钢铁,,,,,,,,,,,,,,,,1.39,,,,,,,False,数据不足,-18.97
2018Q4,有色金属,,,,,,,,,,,,,,,,2.69,,,,,,,False,数据不足,-14.06
2018Q4,电子,,,,,,,,,,,,,,,,3.03,,,,,,,False,数据不足,-14.73
2018Q4,汽车,,,,,,,,,,,,,,,,3.23,,,,,,,False,数据不足,-11.77
2018Q4,家用电器,,,,,,,,,,,,,,,,4.53,,,,,,,False,数据不足,-11.14
2018Q4,食品饮料,,,,,,,,,,,,,,,,7.58,,,,,,,False,数据不足,-17.71
2018Q4,纺织服饰,,,,,,,,,,,,,,,,0.35,,,,,,,False,数据不足,-8.87
2018Q4,轻工制造,,,,,,,,,,,,,,,,0.22,,,,,,,False,数据不足,-10.97
2018Q4,医药生物,,,,,,,,,,,,,,,,6.55,,,,,,,False,数据不足,-17.99
2018Q4,公用事业,,,,,,,,,,,,,,,,3.26,,,,,,,False,数据不足,-7.71
2018Q4,交通运输,,,,,,,,,,,,,,,,3.4,,,,,,,False,数据不足,-10.76
2018Q4,房地产,,,,,,,,,,,,,,,,4.59,,,,,,,False,数据不足,-5.39
2018Q4,商贸零售,,,,,,,,,,,,,,,,1.48,,,,,,,False,数据不足,-12.64
2018Q4,社会服务,,,,,,,,,,,,,,,,0.16,,,,,,,False,数据不足,-11.76
2018Q4,银行,,,,,,,,,,,,,,,,18.48,,,,,,,False,数据不足,-9.57
2018Q4,非银金融,,,,,,,,,,,,,,,,16.46,,,,,,,False,数据不足,-10.33
2018Q4,综合,,,,,,,,,,,,,,,,0.0,,,,,,,False,数据不足,-3.69
2018Q4,建筑材料,,,,,,,,,,,,,,,,1.21,,,,,,,False,数据不足,-12.83
2018Q4,建筑装饰,,,,,,,,,,,,,,,,3.83,,,,,,,False,数据不足,-7.5
2018Q4,电力设备,,,,,,,,,,,,,,,,2.05,,,,,,,False,数据不足,-6.24
2018Q4,机械设备,,,,,,,,,,,,,,,,2.4,,,,,,,False,数据不足,-8.66
2018Q4,国防军工,,,,,,,,,,,,,,,,1.43,,,,,,,False,数据不足,-13.34
2018Q4,计算机,,,,,,,,,,,,,,,,3.3,,,,,,,False,数据不足,-14.0
2018Q4,传媒,,,,,,,,,,,,,,,,1.23,,,,,,,False,数据不足,-10.52
2018Q4,通信,,,,,,,,,,,,,,,,1.77,,,,,,,False,数据不足,-4.01
2018Q4,煤炭,,,,,,,,,,,,,,,,0.96,,,,,,,False,数据不足,-13.5
2018Q4,石油石化,,,,,,,,,,,,,,,,2.04,,,,,,,False,数据不足,-24.89
2018Q4,环保,,,,,,,,,,,,,,,,0.24,,,,,,,False,数据不足,-12.1
2018Q4,美容护理,,,,,,,,,,,,,,,,0.0,,,,,,,False,数据不足,-6.59
2019Q1,农林牧渔,,,,,,,,,,,,,,,,0.74,,,,,,,False,数据不足,48.42
2019Q1,基础化工,,,,,,,,,,,,,,,,1.69,,,,,,,False,数据不足,29.81
2019Q1,钢铁,,,,,,,,,,,,,,,,1.27,,,,,,,False,数据不足,20.96
2019Q1,有色金属,,,,,,,,,,,,,,,,2.46,,,,,,,False,数据不足,23.81
2019Q1,电子,,,,,,,,,,,,,,,,3.44,,,,,,,False,数据不足,41.06
2019Q1,汽车,,,,,,,,,,,,,,,,2.83,,,,,,,False,数据不足,19.55
2019Q1,家用电器,,,,,,,,,,,,,,,,4.64,,,,,,,False,数据不足,34.41
2019Q1,食品饮料,,,,,,,,,,,,,,,,8.55,,,,,,,False,数据不足,43.58
2019Q1,纺织服饰,,,,,,,,,,,,,,,,0.33,,,,,,,False,数据不足,25.67
2019Q1,轻工制造,,,,,,,,,,,,,,,,0.26,,,,,,,False,数据不足,32.88
2019Q1,医药生物,,,,,,,,,,,,,,,,6.66,,,,,,,False,数据不足,31.47
2019Q1,公用事业,,,,,,,,,,,,,,,,2.68,,,,,,,False,数据不足,17.8
2019Q1,交通运输,,,,,,,,,,,,,,,,3.29,,,,,,,False,数据不足,25.48
2019Q1,房地产,,,,,,,,,,,,,,,,4.72,,,,,,,False,数据不足,32.12
2019Q1,商贸零售,,,,,,,,,,,,,,,,1.37,,,,,,,False,数据不足,27.67
2019Q1,社会服务,,,,,,,,,,,,,,,,0.14,,,,,,,False,数据不足,23.43
2019Q1,银行,,,,,,,,,,,,,,,,16.72,,,,,,,False,数据不足,16.85
2019Q1,非银金融,,,,,,,,,,,,,,,,18.13,,,,,,,False,数据不足,42.66
2019Q1,综合,,,,,,,,,,,,,,,,0.0,,,,,,,False,数据不足,34.15
2019Q1,建筑材料,,,,,,,,,,,,,,,,1.24,,,,,,,False,数据不足,34.39
2019Q1,建筑装饰,,,,,,,,,,,,,,,,3.32,,,,,,,False,数据不足,18.28
2019Q1,电力设备,,,,,,,,,,,,,,,,2.09,,,,,,,False,数据不足,31.21
2019Q1,机械设备,,,,,,,,,,,,,,,,2.38,,,,,,,False,数据不足,31.32
2019Q1,国防军工,,,,,,,,,,,,,,,,1.43,,,,,,,False,数据不足,38.11
2019Q1,计算机,,,,,,,,,,,,,,,,3.73,,,,,,,False,数据不足,48.46
2019Q1,传媒,,,,,,,,,,,,,,,,1.13,,,,,,,False,数据不足,28.0
2019Q1,通信,,,,,,,,,,,,,,,,1.85,,,,,,,False,数据不足,33.26
2019Q1,煤炭,,,,,,,,,,,,,,,,0.85,,,,,,,False,数据不足,22.29
2019Q1,石油石化,,,,,,,,,,,,,,,,1.82,,,,,,,False,数据不足,22.56
2019Q1,环保,,,,,,,,,,,,,,,,0.24,,,,,,,False,数据不足,22.41
2019Q1,美容护理,,,,,,,,,,,,,,,,0.0,,,,,,,False,数据不足,27.8
2019Q2,农林牧渔,,,,,,,,,,,,,,,,1.96,,,,,,,False,数据不足,-4.36
2019Q2,基础化工,,,,,,,,,,,,,,,,1.45,,,,,,,False,数据不足,-10.92
2019Q2,钢铁,,,,,,,,,,,,,,,,1.17,,,,,,,False,数据不足,-13.17
2019Q2,有色金属,,,,,,,,,,,,,,,,2.24,,,,,,,False,数据不足,-2.39
2019Q2,电子,,,,,,,,,,,,,,,,3.02,,,,,,,False,数据不足,-10.67
2019Q2,汽车,,,,,,,,,,,,,,,,2.65,,,,,,,False,数据不足,-7.96
2019Q2,家用电器,,,,,,,,,,,,,,,,4.9,,,,,,,False,数据不足,2.54
2019Q2,食品饮料,,,,,,,,,,,,,,,,9.82,,,,,,,False,数据不足,12.14
2019Q2,纺织服饰,,,,,,,,,,,,,,,,0.31,,,,,,,False,数据不足,-13.04
2019Q2,轻工制造,,,,,,,,,,,,,,,,0.11,,,,,,,False,数据不足,-14.11
2019Q2,医药生物,,,,,,,,,,,,,,,,6.03,,,,,,,False,数据不足,-7.68
2019Q2,公用事业,,,,,,,,,,,,,,,,2.35,,,,,,,False,数据不足,-5.78
2019Q2,交通运输,,,,,,,,,,,,,,,,3.32,,,,,,,False,数据不足,-3.74
2019Q2,房地产,,,,,,,,,,,,,,,,4.38,,,,,,,False,数据不足,-10.32
2019Q2,商贸零售,,,,,,,,,,,,,,,,1.49,,,,,,,False,数据不足,-8.24
2019Q2,社会服务,,,,,,,,,,,,,,,,0.14,,,,,,,False,数据不足,0.6
2019Q2,银行,,,,,,,,,,,,,,,,17.0,,,,,,,False,数据不足,1.26
2019Q2,非银金融,,,,,,,,,,,,,,,,18.73,,,,,,,False,数据不足,0.82
2019Q2,综合,,,,,,,,,,,,,,,,0.0,,,,,,,False,数据不足,-11.09
2019Q2,建筑材料,,,,,,,,,,,,,,,,1.22,,,,,,,False,数据不足,-3.67
2019Q2,建筑装饰,,,,,,,,,,,,,,,,2.96,,,,,,,False,数据不足,-11.94
2019Q2,电力设备,,,,,,,,,,,,,,,,1.97,,,,,,,False,数据不足,-11.84
2019Q2,机械设备,,,,,,,,,,,,,,,,2.23,,,,,,,False,数据不足,-8.32
2019Q2,国防军工,,,,,,,,,,,,,,,,1.29,,,,,,,False,数据不足,-8.83
2019Q2,计算机,,,,,,,,,,,,,,,,3.47,,,,,,,False,数据不足,-10.57
2019Q2,传媒,,,,,,,,,,,,,,,,1.4,,,,,,,False,数据不足,-15.79
2019Q2,通信,,,,,,,,,,,,,,,,1.61,,,,,,,False,数据不足,-7.79
2019Q2,煤炭,,,,,,,,,,,,,,,,0.99,,,,,,,False,数据不足,-3.29
2019Q2,石油石化,,,,,,,,,,,,,,,,1.68,,,,,,,False,数据不足,-7.6
2019Q2,环保,,,,,,,,,,,,,,,,0.12,,,,,,,False,数据不足,-6.02
2019Q2,美容护理,,,,,,,,,,,,,,,,0.0,,,,,,,False,数据不足,-7.29
2019Q3,农林牧渔,,,,,,,,,,,,,,,,2.08,,,,,,,False,数据不足,-1.04
2019Q3,基础化工,,,,,,,,,,,,,,,,1.42,,,,,,,False,数据不足,-1.33
2019Q3,钢铁,,,,,,,,,,,,,,,,1.04,,,,,,,False,数据不足,-11.06
2019Q3,有色金属,,,,,,,,,,,,,,,,2.12,,,,,,,False,数据不足,-7.01
2019Q3,电子,,,,,,,,,,,,,,,,3.81,,,,,,,False,数据不足,20.2
2019Q3,汽车,,,,,,,,,,,,,,,,2.56,,,,,,,False,数据不足,-4.16
2019Q3,家用电器,,,,,,,,,,,,,,,,5.02,,,,,,,False,数据不足,-0.62
2019Q3,食品饮料,,,,,,,,,,,,,,,,10.38,,,,,,,False,数据不足,3.63
2019Q3,纺织服饰,,,,,,,,,,,,,,,,0.3,,,,,,,False,数据不足,-4.17
2019Q3,轻工制造,,,,,,,,,,,,,,,,0.11,,,,,,,False,数据不足,-4.17
2019Q3,医药生物,,,,,,,,,,,,,,,,6.46,,,,,,,False,数据不足,6.36
2019Q3,公用事业,,,,,,,,,,,,,,,,2.34,,,,,,,False,数据不足,-5.83
2019Q3,交通运输,,,,,,,,,,,,,,,,3.16,,,,,,,False,数据不足,-5.11
2019Q3,房地产,,,,,,,,,,,,,,,,4.14,,,,,,,False,数据不足,-6.93
2019Q3,商贸零售,,,,,,,,,,,,,,,,1.44,,,,,,,False,数据不足,-6.82
2019Q3,社会服务,,,,,,,,,,,,,,,,0.16,,,,,,,False,数据不足,1.59
2019Q3,银行,,,,,,,,,,,,,,,,16.65,,,,,,,False,数据不足,-2.98
2019Q3,非银金融,,,,,,,,,,,,,,,,18.01,,,,,,,False,数据不足,-4.14
2019Q3,综合,,,,,,,,,,,,,,,,0.0,,,,,,,False,数据不足,-4.09
2019Q3,建筑材料,,,,,,,,,,,,,,,,1.17,,,,,,,False,数据不足,-4.42
2019Q3,建筑装饰,,,,,,,,,,,,,,,,2.76,,,,,,,False,数据不足,-7.68
2019Q3,电力设备,,,,,,,,,,,,,,,,2.0,,,,,,,False,数据不足,0.64
2019Q3,机械设备,,,,,,,,,,,,,,,,2.22,,,,,,,False,数据不足,-2.18
2019Q3,国防军工,,,,,,,,,,,,,,,,1.32,,,,,,,False,数据不足,2.17
2019Q3,计算机,,,,,,,,,,,,,,,,3.71,,,,,,,False,数据不足,5.4
2019Q3,传媒,,,,,,,,,,,,,,,,1.44,,,,,,,False,数据不足,-0.33
2019Q3,通信,,,,,,,,,,,,,,,,1.56,,,,,,,False,数据不足,-3.94
2019Q3,煤炭,,,,,,,,,,,,,,,,0.93,,,,,,,False,数据不足,-7.62
2019Q3,石油石化,,,,,,,,,,,,,,,,1.58,,,,,,,False,数据不足,-6.97
2019Q3,环保,,,,,,,,,,,,,,,,0.1,,,,,,,False,数据不足,-12.26
2019Q3,美容护理,,,,,,,,,,,,,,,,0.0,,,,,,,False,数据不足,4.24
2019Q4,农林牧渔,,,,,,,,,,,,,,,,1.97,,,,,,,False,数据不足,3.53
2019Q4,基础化工,,,,,,,,,,,,,,,,1.43,,,,,,,False,数据不足,8.87
2019Q4,钢铁,,,,,,,,,,,,,,,,0.96,,,,,,,False,数据不足,4.81
2019Q4,有色金属,,,,,,,,,,,,,,,,2.34,,,,,,,False,数据不足,10.58
2019Q4,电子,,,,,,,,,,,,,,,,4.86,,,,,,,False,数据不足,14.72
2019Q4,汽车,,,,,,,,,,,,,,,,2.58,,,,,,,False,数据不足,8.68
2019Q4,家用电器,,,,,,,,,,,,,,,,5.24,,,,,,,False,数据不足,14.61
2019Q4,食品饮料,,,,,,,,,,,,,,,,9.71,,,,,,,False,数据不足,3.6
2019Q4,纺织服饰,,,,,,,,,,,,,,,,0.25,,,,,,,False,数据不足,2.27
2019Q4,轻工制造,,,,,,,,,,,,,,,,0.24,,,,,,,False,数据不足,9.05
2019Q4,医药生物,,,,,,,,,,,,,,,,6.92,,,,,,,False,数据不足,6.01
2019Q4,公用事业,,,,,,,,,,,,,,,,2.39,,,,,,,False,数据不足,0.58
2019Q4,交通运输,,,,,,,,,,,,,,,,3.05,,,,,,,False,数据不足,2.34
2019Q4,房地产,,,,,,,,,,,,,,,,4.58,,,,,,,False,数据不足,11.32
2019Q4,商贸零售,,,,,,,,,,,,,,,,1.23,,,,,,,False,数据不足,-0.33
2019Q4,社会服务,,,,,,,,,,,,,,,,0.28,,,,,,,False,数据不足,1.41
2019Q4,银行,,,,,,,,,,,,,,,,16.31,,,,,,,False,数据不足,7.1
2019Q4,非银金融,,,,,,,,,,,,,,,,17.13,,,,,,,False,数据不足,5.54
2019Q4,综合,,,,,,,,,,,,,,,,0.0,,,,,,,False,数据不足,10.27
2019Q4,建筑材料,,,,,,,,,,,,,,,,1.38,,,,,,,False,数据不足,22.05
2019Q4,建筑装饰,,,,,,,,,,,,,,,,2.55,,,,,,,False,数据不足,1.79
2019Q4,电力设备,,,,,,,,,,,,,,,,1.94,,,,,,,False,数据不足,6.84
2019Q4,机械设备,,,,,,,,,,,,,,,,2.26,,,,,,,False,数据不足,5.23
2019Q4,国防军工,,,,,,,,,,,,,,,,1.18,,,,,,,False,数据不足,-1.14
2019Q4,计算机,,,,,,,,,,,,,,,,3.47,,,,,,,False,数据不足,5.79
2019Q4,传媒,,,,,,,,,,,,,,,,1.58,,,,,,,False,数据不足,12.82
2019Q4,通信,,,,,,,,,,,,,,,,1.45,,,,,,,False,数据不足,1.63
2019Q4,煤炭,,,,,,,,,,,,,,,,0.92,,,,,,,False,数据不足,1.5
2019Q4,石油石化,,,,,,,,,,,,,,,,1.68,,,,,,,False,数据不足,5.48
2019Q4,环保,,,,,,,,,,,,,,,,0.1,,,,,,,False,数据不足,-0.43
2019Q4,美容护理,,,,,,,,,,,,,,,,0.0,,,,,,,False,数据不足,2.28
2020Q1,农林牧渔,,,,,,,,,,,,,,1.0,,2.6,,,,,,,False,数据不足,15.65
2020Q1,基础化工,,,,,,,,,,,,,,1.0,,1.35,,,,,,,False,数据不足,-8.75
2020Q1,钢铁,,,,,,,,,,,,,,1.0,,0.88,,,,,,,False,数据不足,-12.03
2020Q1,有色金属,,,,,,,,,,,,,,1.0,,2.2,,,,,,,False,数据不足,-13.47
2020Q1,电子,,,,,,,,,,,,,,1.0,,5.23,,,,,,,False,数据不足,-4.78
2020Q1,汽车,,,,,,,,,,,,,,1.0,,2.62,,,,,,,False,数据不足,-6.74
2020Q1,家用电器,,,,,,,,,,,,,,1.0,,4.71,,,,,,,False,数据不足,-15.93
2020Q1,食品饮料,,,,,,,,,,,,,,1.0,,10.1,,,,,,,False,数据不足,-4.21
2020Q1,纺织服饰,,,,,,,,,,,,,,1.0,,0.25,,,,,,,False,数据不足,-3.62
2020Q1,轻工制造,,,,,,,,,,,,,,1.0,,0.23,,,,,,,False,数据不足,-7.68
2020Q1,医药生物,,,,,,,,,,,,,,1.0,,7.91,,,,,,,False,数据不足,8.39
2020Q1,公用事业,,,,,,,,,,,,,,1.0,,2.4,,,,,,,False,数据不足,-7.73
2020Q1,交通运输,,,,,,,,,,,,,,1.0,,2.84,,,,,,,False,数据不足,-14.93
2020Q1,房地产,,,,,,,,,,,,,,1.0,,4.23,,,,,,,False,数据不足,-14.11
2020Q1,商贸零售,,,,,,,,,,,,,,1.0,,1.23,,,,,,,False,数据不足,-1.78
2020Q1,社会服务,,,,,,,,,,,,,,1.0,,0.3,,,,,,,False,数据不足,-20.08
2020Q1,银行,,,,,,,,,,,,,,1.0,,15.4,,,,,,,False,数据不足,-14.8
2020Q1,非银金融,,,,,,,,,,,,,,1.0,,16.09,,,,,,,False,数据不足,-15.8
2020Q1,综合,,,,,,,,,,,,,,1.0,,0.0,,,,,,,False,数据不足,-2.5
2020Q1,建筑材料,,,,,,,,,,,,,,1.0,,1.51,,,,,,,False,数据不足,1.48
2020Q1,建筑装饰,,,,,,,,,,,,,,1.0,,2.65,,,,,,,False,数据不足,-3.81
2020Q1,电力设备,,,,,,,,,,,,,,1.0,,2.03,,,,,,,False,数据不足,-1.51
2020Q1,机械设备,,,,,,,,,,,,,,1.0,,2.29,,,,,,,False,数据不足,-6.8
2020Q1,国防军工,,,,,,,,,,,,,,1.0,,1.22,,,,,,,False,数据不足,-4.74
2020Q1,计算机,,,,,,,,,,,,,,1.0,,3.82,,,,,,,False,数据不足,3.9
2020Q1,传媒,,,,,,,,,,,,,,1.0,,1.66,,,,,,,False,数据不足,-6.89
2020Q1,通信,,,,,,,,,,,,,,1.0,,1.74,,,,,,,False,数据不足,3.76
2020Q1,煤炭,,,,,,,,,,,,,,1.0,,0.86,,,,,,,False,数据不足,-15.13
2020Q1,石油石化,,,,,,,,,,,,,,1.0,,1.51,,,,,,,False,数据不足,-16.41
2020Q1,环保,,,,,,,,,,,,,,1.0,,0.14,,,,,,,False,数据不足,-2.03
2020Q1,美容护理,,,,,,,,,,,,,,1.0,,0.0,,,,,,,False,数据不足,5.26
2020Q2,农林牧渔,,,,,,,,,,,,,,1.0,,2.31,,,,,,,False,数据不足,1.15
2020Q2,基础化工,,,,,,,,,,,,,,1.0,,1.29,,,,,,,False,数据不足,12.7
2020Q2,钢铁,,,,,,,,,,,,,,1.0,,0.64,,,,,,,False,数据不足,2.25
2020Q2,有色金属,,,,,,,,,,,,,,1.0,,2.09,,,,,,,False,数据不足,11.13
2020Q2,电子,,,,,,,,,,,,,,1.0,,7.55,,,,,,,False,数据不足,30.73
2020Q2,汽车,,,,,,,,,,,,,,1.0,,2.17,,,,,,,False,数据不足,7.49
2020Q2,家用电器,,,,,,,,,,,,,,1.0,,4.72,,,,,,,False,数据不足,17.01
2020Q2,食品饮料,,,,,,,,,,,,,,1.0,,11.31,,,,,,,False,数据不足,28.7
2020Q2,纺织服饰,,,,,,,,,,,,,,1.0,,0.16,,,,,,,False,数据不足,-2.41
2020Q2,轻工制造,,,,,,,,,,,,,,1.0,,0.24,,,,,,,False,数据不足,10.7
2020Q2,医药生物,,,,,,,,,,,,,,1.0,,9.28,,,,,,,False,数据不足,29.42
2020Q2,公用事业,,,,,,,,,,,,,,1.0,,2.04,,,,,,,False,数据不足,2.34
2020Q2,交通运输,,,,,,,,,,,,,,1.0,,2.81,,,,,,,False,数据不足,5.63
2020Q2,房地产,,,,,,,,,,,,,,1.0,,3.74,,,,,,,False,数据不足,5.69
2020Q2,商贸零售,,,,,,,,,,,,,,1.0,,1.6,,,,,,,False,数据不足,17.61
2020Q2,社会服务,,,,,,,,,,,,,,1.0,,0.31,,,,,,,False,数据不足,62.74
2020Q2,银行,,,,,,,,,,,,,,1.0,,13.45,,,,,,,False,数据不足,0.97
2020Q2,非银金融,,,,,,,,,,,,,,1.0,,14.86,,,,,,,False,数据不足,4.87
2020Q2,综合,,,,,,,,,,,,,,1.0,,0.0,,,,,,,False,数据不足,10.37
2020Q2,建筑材料,,,,,,,,,,,,,,1.0,,1.48,,,,,,,False,数据不足,5.64
2020Q2,建筑装饰,,,,,,,,,,,,,,1.0,,1.98,,,,,,,False,数据不足,-4.05
2020Q2,电力设备,,,,,,,,,,,,,,1.0,,2.68,,,,,,,False,数据不足,20.93
2020Q2,机械设备,,,,,,,,,,,,,,1.0,,2.24,,,,,,,False,数据不足,12.7
2020Q2,国防军工,,,,,,,,,,,,,,1.0,,1.1,,,,,,,False,数据不足,11.04
2020Q2,计算机,,,,,,,,,,,,,,1.0,,4.42,,,,,,,False,数据不足,17.18
2020Q2,传媒,,,,,,,,,,,,,,1.0,,1.97,,,,,,,False,数据不足,25.97
2020Q2,通信,,,,,,,,,,,,,,1.0,,1.64,,,,,,,False,数据不足,3.38
2020Q2,煤炭,,,,,,,,,,,,,,1.0,,0.67,,,,,,,False,数据不足,-0.33
2020Q2,石油石化,,,,,,,,,,,,,,1.0,,1.25,,,,,,,False,数据不足,-1.75
2020Q2,环保,,,,,,,,,,,,,,1.0,,0.0,,,,,,,False,数据不足,3.03
2020Q2,美容护理,,,,,,,,,,,,,,1.0,,0.0,,,,,,,False,数据不足,43.42
2020Q3,农林牧渔,,,,,,,,,,,,,,1.0,,2.01,,,,,,,False,数据不足,0.96
2020Q3,基础化工,,,,,,,,,,,,,,1.0,,1.51,,,,,,,False,数据不足,15.66
2020Q3,钢铁,,,,,,,,,,,,,,1.0,,0.61,,,,,,,False,数据不足,4.01
2020Q3,有色金属,,,,,,,,,,,,,,1.0,,2.06,,,,,,,False,数据不足,7.56
2020Q3,电子,,,,,,,,,,,,,,1.0,,6.69,,,,,,,False,数据不足,2.66
2020Q3,汽车,,,,,,,,,,,,,,1.0,,2.58,,,,,,,False,数据不足,21.23
2020Q3,家用电器,,,,,,,,,,,,,,1.0,,4.67,,,,,,,False,数据不足,9.51
2020Q3,食品饮料,,,,,,,,,,,,,,1.0,,12.49,,,,,,,False,数据不足,19.34
2020Q3,纺织服饰,,,,,,,,,,,,,,1.0,,0.17,,,,,,,False,数据不足,2.08
2020Q3,轻工制造,,,,,,,,,,,,,,1.0,,0.27,,,,,,,False,数据不足,10.62
2020Q3,医药生物,,,,,,,,,,,,,,1.0,,8.81,,,,,,,False,数据不足,2.93
2020Q3,公用事业,,,,,,,,,,,,,,1.0,,1.94,,,,,,,False,数据不足,5.83
2020Q3,交通运输,,,,,,,,,,,,,,1.0,,2.78,,,,,,,False,数据不足,7.4
2020Q3,房地产,,,,,,,,,,,,,,1.0,,3.56,,,,,,,False,数据不足,4.23
2020Q3,商贸零售,,,,,,,,,,,,,,1.0,,1.83,,,,,,,False,数据不足,-3.42
2020Q3,社会服务,,,,,,,,,,,,,,1.0,,0.31,,,,,,,False,数据不足,32.97
2020Q3,银行,,,,,,,,,,,,,,1.0,,12.38,,,,,,,False,数据不足,1.68
2020Q3,非银金融,,,,,,,,,,,,,,1.0,,15.85,,,,,,,False,数据不足,14.52
2020Q3,综合,,,,,,,,,,,,,,1.0,,0.0,,,,,,,False,数据不足,2.17
2020Q3,建筑材料,,,,,,,,,,,,,,1.0,,1.58,,,,,,,False,数据不足,14.6
2020Q3,建筑装饰,,,,,,,,,,,,,,1.0,,1.87,,,,,,,False,数据不足,6.33
2020Q3,电力设备,,,,,,,,,,,,,,1.0,,3.19,,,,,,,False,数据不足,26.01
2020Q3,机械设备,,,,,,,,,,,,,,1.0,,2.44,,,,,,,False,数据不足,13.17
2020Q3,国防军工,,,,,,,,,,,,,,1.0,,1.32,,,,,,,False,数据不足,30.11
2020Q3,计算机,,,,,,,,,,,,,,1.0,,4.03,,,,,,,False,数据不足,-3.23
2020Q3,传媒,,,,,,,,,,,,,,1.0,,1.83,,,,,,,False,数据不足,1.74
2020Q3,通信,,,,,,,,,,,,,,1.0,,1.3,,,,,,,False,数据不足,-8.1
2020Q3,煤炭,,,,,,,,,,,,,,1.0,,0.68,,,,,,,False,数据不足,9.42
2020Q3,石油石化,,,,,,,,,,,,,,1.0,,1.27,,,,,,,False,数据不足,11.22
2020Q3,环保,,,,,,,,,,,,,,1.0,,0.0,,,,,,,False,数据不足,6.93
2020Q3,美容护理,,,,,,,,,,,,,,1.0,,0.0,,,,,,,False,数据不足,-3.93
2020Q4,农林牧渔,,,,,,,,,,,,,,1.0,,1.78,,,,,,,False,数据不足,0.16
2020Q4,基础化工,,,,,,,,,,,,,,1.0,,1.47,,,,,,,False,数据不足,13.48
2020Q4,钢铁,,,,,,,,,,,,,,1.0,,0.52,,,,,,,False,数据不足,12.12
2020Q4,有色金属,,,,,,,,,,,,,,1.0,,2.23,,,,,,,False,数据不足,30.31
2020Q4,电子,,,,,,,,,,,,,,1.0,,7.79,,,,,,,False,数据不足,6.46
2020Q4,汽车,,,,,,,,,,,,,,1.0,,3.02,,,,,,,False,数据不足,20.01
2020Q4,家用电器,,,,,,,,,,,,,,1.0,,4.94,,,,,,,False,数据不足,21.68
2020Q4,食品饮料,,,,,,,,,,,,,,1.0,,13.83,,,,,,,False,数据不足,25.73
2020Q4,纺织服饰,,,,,,,,,,,,,,1.0,,0.1,,,,,,,False,数据不足,-3.22
2020Q4,轻工制造,,,,,,,,,,,,,,1.0,,0.35,,,,,,,False,数据不足,2.39
2020Q4,医药生物,,,,,,,,,,,,,,1.0,,9.28,,,,,,,False,数据不足,4.65
2020Q4,公用事业,,,,,,,,,,,,,,1.0,,1.67,,,,,,,False,数据不足,1.06
2020Q4,交通运输,,,,,,,,,,,,,,1.0,,2.64,,,,,,,False,数据不足,3.87
2020Q4,房地产,,,,,,,,,,,,,,1.0,,2.91,,,,,,,False,数据不足,-5.79
2020Q4,商贸零售,,,,,,,,,,,,,,1.0,,1.76,,,,,,,False,数据不足,-10.56
2020Q4,社会服务,,,,,,,,,,,,,,1.0,,0.26,,,,,,,False,数据不足,15.28
2020Q4,银行,,,,,,,,,,,,,,1.0,,12.1,,,,,,,False,数据不足,10.6
2020Q4,非银金融,,,,,,,,,,,,,,1.0,,14.29,,,,,,,False,数据不足,4.93
2020Q4,综合,,,,,,,,,,,,,,1.0,,0.0,,,,,,,False,数据不足,2.82
2020Q4,建筑材料,,,,,,,,,,,,,,1.0,,1.38,,,,,,,False,数据不足,0.71
2020Q4,建筑装饰,,,,,,,,,,,,,,1.0,,1.54,,,,,,,False,数据不足,-6.18
2020Q4,电力设备,,,,,,,,,,,,,,1.0,,3.68,,,,,,,False,数据不足,29.73
2020Q4,机械设备,,,,,,,,,,,,,,1.0,,2.73,,,,,,,False,数据不足,10.25
2020Q4,国防军工,,,,,,,,,,,,,,1.0,,1.5,,,,,,,False,数据不足,14.79
2020Q4,计算机,,,,,,,,,,,,,,1.0,,3.81,,,,,,,False,数据不足,-6.85
2020Q4,传媒,,,,,,,,,,,,,,1.0,,1.54,,,,,,,False,数据不足,-9.61
2020Q4,通信,,,,,,,,,,,,,,1.0,,1.1,,,,,,,False,数据不足,-7.01
2020Q4,煤炭,,,,,,,,,,,,,,1.0,,0.56,,,,,,,False,数据不足,15.66
2020Q4,石油石化,,,,,,,,,,,,,,1.0,,1.23,,,,,,,False,数据不足,16.84
2020Q4,环保,,,,,,,,,,,,,,1.0,,0.0,,,,,,,False,数据不足,-8.71
2020Q4,美容护理,,,,,,,,,,,,,,1.0,,0.0,,,,,,,False,数据不足,8.9
2021Q1,农林牧渔,,,,,,,,,,,,,,1.0,,2.07,,,,,,,False,数据不足,0.44
2021Q1,基础化工,,,,,,,,,,,,,,1.0,,1.71,,,,,,,False,数据不足,4.01
2021Q1,钢铁,,,,,,,,,,,,,,1.0,,0.7,,,,,,,False,数据不足,15.66
2021Q1,有色金属,,,,,,,,,,,,,,1.0,,2.29,,,,,,,False,数据不足,-0.46
2021Q1,电子,,,,,,,,,,,,,,1.0,,7.09,,,,,,,False,数据不足,-7.75
2021Q1,汽车,,,,,,,,,,,,,,1.0,,2.76,,,,,,,False,数据不足,-8.5
2021Q1,家用电器,,,,,,,,,,,,,,1.0,,4.68,,,,,,,False,数据不足,-7.73
2021Q1,食品饮料,,,,,,,,,,,,,,1.0,,13.15,,,,,,,False,数据不足,-7.88
2021Q1,纺织服饰,,,,,,,,,,,,,,1.0,,0.12,,,,,,,False,数据不足,1.25
2021Q1,轻工制造,,,,,,,,,,,,,,1.0,,0.37,,,,,,,False,数据不足,6.37
2021Q1,医药生物,,,,,,,,,,,,,,1.0,,9.12,,,,,,,False,数据不足,-4.06
2021Q1,公用事业,,,,,,,,,,,,,,1.0,,1.86,,,,,,,False,数据不足,11.5
2021Q1,交通运输,,,,,,,,,,,,,,1.0,,2.67,,,,,,,False,数据不足,0.58
2021Q1,房地产,,,,,,,,,,,,,,1.0,,2.99,,,,,,,False,数据不足,-1.23
2021Q1,商贸零售,,,,,,,,,,,,,,1.0,,1.93,,,,,,,False,数据不足,-4.2
2021Q1,社会服务,,,,,,,,,,,,,,1.0,,0.28,,,,,,,False,数据不足,10.02
2021Q1,银行,,,,,,,,,,,,,,1.0,,13.96,,,,,,,False,数据不足,10.51
2021Q1,非银金融,,,,,,,,,,,,,,1.0,,13.0,,,,,,,False,数据不足,-12.5
2021Q1,综合,,,,,,,,,,,,,,1.0,,0.0,,,,,,,False,数据不足,0.19
2021Q1,建筑材料,,,,,,,,,,,,,,1.0,,1.53,,,,,,,False,数据不足,5.99
2021Q1,建筑装饰,,,,,,,,,,,,,,1.0,,1.71,,,,,,,False,数据不足,7.6
2021Q1,电力设备,,,,,,,,,,,,,,1.0,,3.62,,,,,,,False,数据不足,-5.26
2021Q1,机械设备,,,,,,,,,,,,,,1.0,,2.86,,,,,,,False,数据不足,0.25
2021Q1,国防军工,,,,,,,,,,,,,,1.0,,1.27,,,,,,,False,数据不足,-19.26
2021Q1,计算机,,,,,,,,,,,,,,1.0,,3.87,,,,,,,False,数据不足,-9.03
2021Q1,传媒,,,,,,,,,,,,,,1.0,,1.38,,,,,,,False,数据不足,-8.52
2021Q1,通信,,,,,,,,,,,,,,1.0,,1.03,,,,,,,False,数据不足,-11.42
2021Q1,煤炭,,,,,,,,,,,,,,1.0,,0.66,,,,,,,False,数据不足,4.09
2021Q1,石油石化,,,,,,,,,,,,,,1.0,,1.33,,,,,,,False,数据不足,8.16
2021Q1,环保,,,,,,,,,,,,,,1.0,,0.0,,,,,,,False,数据不足,10.91
2021Q1,美容护理,,,,,,,,,,,,,,1.0,,0.0,,,,,,,False,数据不足,6.82
2021Q2,农林牧渔,,,,,,,,,,,,,,1.0,,1.61,,,,,,,False,数据不足,-8.16
2021Q2,基础化工,,,,,,,,,,,,,,1.0,,2.02,,,,,,,False,数据不足,16.78
2021Q2,钢铁,,,,,,,,,,,,,,1.0,,0.58,,,,,,,False,数据不足,6.88
2021Q2,有色金属,,,,,,,,,,,,,,1.0,,2.43,,,,,,,False,数据不足,13.01
2021Q2,电子,,,,,,,,,,,,,,1.0,,8.45,,,,,,,False,数据不足,21.22
2021Q2,汽车,,,,,,,,,,,,,,1.0,,3.23,,,,,,,False,数据不足,18.99
2021Q2,家用电器,,,,,,,,,,,,,,1.0,,3.79,,,,,,,False,数据不足,-8.51
2021Q2,食品饮料,,,,,,,,,,,,,,1.0,,13.92,,,,,,,False,数据不足,9.19
2021Q2,纺织服饰,,,,,,,,,,,,,,1.0,,0.0,,,,,,,False,数据不足,6.93
2021Q2,轻工制造,,,,,,,,,,,,,,1.0,,0.34,,,,,,,False,数据不足,-0.5
2021Q2,医药生物,,,,,,,,,,,,,,1.0,,10.89,,,,,,,False,数据不足,13.95
2021Q2,公用事业,,,,,,,,,,,,,,1.0,,1.76,,,,,,,False,数据不足,-5.61
2021Q2,交通运输,,,,,,,,,,,,,,1.0,,2.92,,,,,,,False,数据不足,1.31
2021Q2,房地产,,,,,,,,,,,,,,1.0,,2.06,,,,,,,False,数据不足,-7.88
2021Q2,商贸零售,,,,,,,,,,,,,,1.0,,1.64,,,,,,,False,数据不足,0.1
2021Q2,社会服务,,,,,,,,,,,,,,1.0,,0.3,,,,,,,False,数据不足,-4.36
2021Q2,银行,,,,,,,,,,,,,,1.0,,12.36,,,,,,,False,数据不足,-3.79
2021Q2,非银金融,,,,,,,,,,,,,,1.0,,11.12,,,,,,,False,数据不足,-2.53
2021Q2,综合,,,,,,,,,,,,,,1.0,,0.0,,,,,,,False,数据不足,17.54
2021Q2,建筑材料,,,,,,,,,,,,,,1.0,,1.28,,,,,,,False,数据不足,-3.52
2021Q2,建筑装饰,,,,,,,,,,,,,,1.0,,1.21,,,,,,,False,数据不足,-4.48
2021Q2,电力设备,,,,,,,,,,,,,,1.0,,5.77,,,,,,,False,数据不足,30.7
2021Q2,机械设备,,,,,,,,,,,,,,1.0,,2.52,,,,,,,False,数据不足,3.35
2021Q2,国防军工,,,,,,,,,,,,,,1.0,,1.35,,,,,,,False,数据不足,9.6
2021Q2,计算机,,,,,,,,,,,,,,1.0,,4.33,,,,,,,False,数据不足,9.67
2021Q2,传媒,,,,,,,,,,,,,,1.0,,1.21,,,,,,,False,数据不足,1.22
2021Q2,通信,,,,,,,,,,,,,,1.0,,1.08,,,,,,,False,数据不足,6.29
2021Q2,煤炭,,,,,,,,,,,,,,1.0,,0.52,,,,,,,False,数据不足,12.83
2021Q2,石油石化,,,,,,,,,,,,,,1.0,,1.18,,,,,,,False,数据不足,5.24
2021Q2,环保,,,,,,,,,,,,,,1.0,,0.0,,,,,,,False,数据不足,-7.59
2021Q2,美容护理,,,,,,,,,,,,,,1.0,,0.09,,,,,,,False,数据不足,29.05
2021Q3,农林牧渔,,,,,,,,,,,,,,1.0,,1.54,,,,,,,False,数据不足,-6.6
2021Q3,基础化工,,,,,,,,,,,,,,1.0,,2.08,,,,,,,False,数据不足,13.7
2021Q3,钢铁,,,,,,,,,,,,,,1.0,,0.86,,,,,,,False,数据不足,19.72
2021Q3,有色金属,,,,,,,,,,,,,,1.0,,3.14,,,,,,,False,数据不足,23.11
2021Q3,电子,,,,,,,,,,,,,,1.0,,7.79,,,,,,,False,数据不足,-7.04
2021Q3,汽车,,,,,,,,,,,,,,1.0,,3.29,,,,,,,False,数据不足,-2.23
2021Q3,家用电器,,,,,,,,,,,,,,1.0,,3.58,,,,,,,False,数据不足,-10.14
2021Q3,食品饮料,,,,,,,,,,,,,,1.0,,12.93,,,,,,,False,数据不足,-13.0
2021Q3,纺织服饰,,,,,,,,,,,,,,1.0,,0.0,,,,,,,False,数据不足,-10.09
2021Q3,轻工制造,,,,,,,,,,,,,,1.0,,0.31,,,,,,,False,数据不足,-5.55
2021Q3,医药生物,,,,,,,,,,,,,,1.0,,9.65,,,,,,,False,数据不足,-13.68
2021Q3,公用事业,,,,,,,,,,,,,,1.0,,2.22,,,,,,,False,数据不足,25.2
2021Q3,交通运输,,,,,,,,,,,,,,1.0,,2.92,,,,,,,False,数据不足,-3.15
2021Q3,房地产,,,,,,,,,,,,,,1.0,,2.18,,,,,,,False,数据不足,-2.51
2021Q3,商贸零售,,,,,,,,,,,,,,1.0,,1.52,,,,,,,False,数据不足,-3.28
2021Q3,社会服务,,,,,,,,,,,,,,1.0,,0.21,,,,,,,False,数据不足,-13.07
2021Q3,银行,,,,,,,,,,,,,,1.0,,12.02,,,,,,,False,数据不足,-9.59
2021Q3,非银金融,,,,,,,,,,,,,,1.0,,11.31,,,,,,,False,数据不足,-5.81
2021Q3,综合,,,,,,,,,,,,,,1.0,,0.0,,,,,,,False,数据不足,-6.67
2021Q3,建筑材料,,,,,,,,,,,,,,1.0,,1.26,,,,,,,False,数据不足,-5.39
2021Q3,建筑装饰,,,,,,,,,,,,,,1.0,,1.61,,,,,,,False,数据不足,6.61
2021Q3,电力设备,,,,,,,,,,,,,,1.0,,7.04,,,,,,,False,数据不足,13.15
2021Q3,机械设备,,,,,,,,,,,,,,1.0,,2.51,,,,,,,False,数据不足,4.05
2021Q3,国防军工,,,,,,,,,,,,,,1.0,,1.58,,,,,,,False,数据不足,7.94
2021Q3,计算机,,,,,,,,,,,,,,1.0,,4.21,,,,,,,False,数据不足,-7.02
2021Q3,传媒,,,,,,,,,,,,,,1.0,,1.04,,,,,,,False,数据不足,-10.88
2021Q3,通信,,,,,,,,,,,,,,1.0,,1.12,,,,,,,False,数据不足,-2.92
2021Q3,煤炭,,,,,,,,,,,,,,1.0,,0.67,,,,,,,False,数据不足,36.01
2021Q3,石油石化,,,,,,,,,,,,,,1.0,,1.33,,,,,,,False,数据不足,16.07
2021Q3,环保,,,,,,,,,,,,,,1.0,,0.0,,,,,,,False,数据不足,14.89
2021Q3,美容护理,,,,,,,,,,,,,,1.0,,0.07,,,,,,,False,数据不足,-24.89
2021Q4,农林牧渔,,,,,,,,,,,,,,0.0,,1.64,,,,,,,False,数据不足,10.35
2021Q4,基础化工,,,,,,,,,,,,,,0.0,,1.96,,,,,,,False,数据不足,-0.66
2021Q4,钢铁,,,,,,,,,,,,,,0.0,,0.67,,,,,,,False,数据不足,-9.41
2021Q4,有色金属,,,,,,,,,,,,,,0.0,,3.34,,,,,,,False,数据不足,1.44
2021Q4,电子,,,,,,,,,,,,,,0.0,,8.27,,,,,,,False,数据不足,11.63
2021Q4,汽车,,,,,,,,,,,,,,0.0,,3.38,,,,,,,False,数据不足,10.09
2021Q4,家用电器,,,,,,,,,,,,,,0.0,,3.43,,,,,,,False,数据不足,6.07
2021Q4,食品饮料,,,,,,,,,,,,,,0.0,,12.5,,,,,,,False,数据不足,7.4
2021Q4,纺织服饰,,,,,,,,,,,,,,0.0,,0.0,,,,,,,False,数据不足,6.21
2021Q4,轻工制造,,,,,,,,,,,,,,0.0,,0.29,,,,,,,False,数据不足,11.68
2021Q4,医药生物,,,,,,,,,,,,,,0.0,,9.2,,,,,,,False,数据不足,-0.11
2021Q4,公用事业,,,,,,,,,,,,,,0.0,,2.41,,,,,,,False,数据不足,-0.3
2021Q4,交通运输,,,,,,,,,,,,,,0.0,,2.64,,,,,,,False,数据不足,3.93
2021Q4,房地产,,,,,,,,,,,,,,0.0,,1.82,,,,,,,False,数据不足,-0.67
2021Q4,商贸零售,,,,,,,,,,,,,,0.0,,1.17,,,,,,,False,数据不足,2.86
2021Q4,社会服务,,,,,,,,,,,,,,0.0,,0.17,,,,,,,False,数据不足,-1.9
2021Q4,银行,,,,,,,,,,,,,,0.0,,10.76,,,,,,,False,数据不足,-0.74
2021Q4,非银金融,,,,,,,,,,,,,,0.0,,10.16,,,,,,,False,数据不足,2.65
2021Q4,综合,,,,,,,,,,,,,,0.0,,0.0,,,,,,,False,数据不足,3.55
2021Q4,建筑材料,,,,,,,,,,,,,,0.0,,1.32,,,,,,,False,数据不足,7.97
2021Q4,建筑装饰,,,,,,,,,,,,,,0.0,,1.6,,,,,,,False,数据不足,6.22
2021Q4,电力设备,,,,,,,,,,,,,,0.0,,11.26,,,,,,,False,数据不足,5.54
2021Q4,机械设备,,,,,,,,,,,,,,0.0,,2.37,,,,,,,False,数据不足,6.52
2021Q4,国防军工,,,,,,,,,,,,,,0.0,,1.59,,,,,,,False,数据不足,16.39
2021Q4,计算机,,,,,,,,,,,,,,0.0,,3.89,,,,,,,False,数据不足,9.27
2021Q4,传媒,,,,,,,,,,,,,,0.0,,1.0,,,,,,,False,数据不足,20.61
2021Q4,通信,,,,,,,,,,,,,,0.0,,1.03,,,,,,,False,数据不足,12.74
2021Q4,煤炭,,,,,,,,,,,,,,0.0,,0.6,,,,,,,False,数据不足,-12.6
2021Q4,石油石化,,,,,,,,,,,,,,0.0,,1.21,,,,,,,False,数据不足,-8.98
2021Q4,环保,,,,,,,,,,,,,,0.0,,0.0,,,,,,,False,数据不足,2.46
2021Q4,美容护理,,,,,,,,,,,,,,0.0,,0.31,,,,,,,False,数据不足,-3.29
2022Q1,农林牧渔,,,,,,,,2.38,,,,,,1.0,,1.92,,,,,,,False,数据不足,-13.48
2022Q1,基础化工,,,,,,,,6.45,,,,,,1.0,,1.98,,,,,,,False,数据不足,0.15
2022Q1,钢铁,,,,,,,,1.49,,,,,,1.0,,0.69,,,,,,,False,数据不足,-14.74
2022Q1,有色金属,,,,,,,,5.95,,,,,,1.0,,3.64,,,,,,,False,数据不足,3.86
2022Q1,电子,,,,,,,,6.49,,,,,,1.0,,7.04,,,,,,,False,数据不足,20.86
2022Q1,汽车,,,,,,,,3.51,,,,,,1.0,,3.03,,,,,,,False,数据不足,-21.4
2022Q1,家用电器,,,,,,,,1.22,,,,,,1.0,,3.14,,,,,,,False,数据不足,-7.69
2022Q1,食品饮料,,,,,,,,3.97,,,,,,1.0,,11.7,,,,,,,False,数据不足,-20.12
2022Q1,纺织服饰,,,,,,,,0.88,,,,,,1.0,,0.0,,,,,,,False,数据不足,-7.46
2022Q1,轻工制造,,,,,,,,1.47,,,,,,1.0,,0.26,,,,,,,False,数据不足,-15.8
2022Q1,医药生物,,,,,,,,11.71,,,,,,1.0,,9.04,,,,,,,False,数据不足,-10.33
2022Q1,公用事业,,,,,,,,2.49,,,,,,1.0,,2.64,,,,,,,False,数据不足,1.06
2022Q1,交通运输,,,,,,,,1.97,,,,,,1.0,,2.68,,,,,,,False,数据不足,-6.95
2022Q1,房地产,,,,,,,,2.55,,,,,,1.0,,2.27,,,,,,,False,数据不足,-16.73
2022Q1,商贸零售,,,,,,,,1.36,,,,,,1.0,,1.08,,,,,,,False,数据不足,-23.53
2022Q1,社会服务,,,,,,,,1.23,,,,,,1.0,,0.16,,,,,,,False,数据不足,-16.71
2022Q1,银行,,,,,,,,2.13,,,,,,1.0,,12.77,,,,,,,False,数据不足,1.66
2022Q1,非银金融,,,,,,,,3.57,,,,,,1.0,,10.15,,,,,,,False,数据不足,-15.66
2022Q1,综合,,,,,,,,0.4,,,,,,1.0,,0.0,,,,,,,False,数据不足,9.62
2022Q1,建筑材料,,,,,,,,1.47,,,,,,1.0,,1.34,,,,,,,False,数据不足,11.25
2022Q1,建筑装饰,,,,,,,,3.34,,,,,,1.0,,1.88,,,,,,,False,数据不足,-9.3
2022Q1,电力设备,,,,,,,,9.14,,,,,,1.0,,11.03,,,,,,,False,数据不足,-19.25
2022Q1,机械设备,,,,,,,,4.46,,,,,,1.0,,2.2,,,,,,,False,数据不足,-0.19
2022Q1,国防军工,,,,,,,,2.58,,,,,,1.0,,1.43,,,,,,,False,数据不足,-7.65
2022Q1,计算机,,,,,,,,7.55,,,,,,1.0,,3.54,,,,,,,False,数据不足,-16.97
2022Q1,传媒,,,,,,,,3.66,,,,,,1.0,,0.84,,,,,,,False,数据不足,-18.7
2022Q1,通信,,,,,,,,2.22,,,,,,1.0,,0.99,,,,,,,False,数据不足,-11.07
2022Q1,煤炭,,,,,,,,1.69,,,,,,1.0,,0.93,,,,,,,False,数据不足,22.63
2022Q1,石油石化,,,,,,,,1.35,,,,,,1.0,,1.32,,,,,,,False,数据不足,-8.5
2022Q1,环保,,,,,,,,0.98,,,,,,1.0,,0.0,,,,,,,False,数据不足,-12.51
2022Q1,美容护理,,,,,,,,0.33,,,,,,1.0,,0.3,,,,,,,False,数据不足,-14.26
2022Q2,农林牧渔,,,,,,,,2.92,100.0,,,,,1.0,,1.77,,0.0,,,,,False,数据不足,-13.48
2022Q2,基础化工,,,,,,,,7.05,100.0,,,,,1.0,,2.72,,48.93,,,,,False,数据不足,0.15
2022Q2,钢铁,,,,,,,,1.34,0.0,,,,,1.0,,0.61,,0.0,,,,,False,数据不足,-14.74
2022Q2,有色金属,,,,,,,,5.92,0.0,,,,,1.0,,3.62,,51.28,,,,,False,数据不足,3.86
2022Q2,电子,,,,,,,,6.47,0.0,,,,,1.0,,7.34,,51.23,,,,,False,数据不足,20.86
2022Q2,汽车,,,,,,,,5.72,100.0,,,,,1.0,,3.67,,39.13,,,,,False,数据不足,23.09
2022Q2,家用电器,,,,,,,,1.38,100.0,,,,,1.0,,3.17,,0.0,,,,,False,数据不足,-7.69
2022Q2,食品饮料,,,,,,,,4.4,100.0,,,,,1.0,,12.72,,0.0,,,,,False,数据不足,-20.12
2022Q2,纺织服饰,,,,,,,,0.88,100.0,,,,,1.0,,0.03,,0.0,,,,,False,数据不足,-7.46
2022Q2,轻工制造,,,,,,,,1.11,0.0,,,,,1.0,,0.29,,57.92,,,,,False,数据不足,1.03
2022Q2,医药生物,,,,,,,,9.53,0.0,,,,,1.0,,7.7,,0.0,,,,,False,数据不足,-10.33
2022Q2,公用事业,,,,,,,,2.46,0.0,,,,,1.0,,2.51,,51.5,,,,,False,数据不足,1.06
2022Q2,交通运输,,,,,,,,2.84,100.0,,,,,1.0,,2.65,,0.0,,,,,False,数据不足,-6.95
2022Q2,房地产,,,,,,,,3.86,100.0,,,,,1.0,,1.95,,0.0,,,,,False,数据不足,-16.73
2022Q2,商贸零售,,,,,,,,1.96,100.0,,,,,1.0,,1.15,,0.0,,,,,False,数据不足,-23.53
2022Q2,社会服务,,,,,,,,1.12,0.0,,,,,1.0,,0.05,,0.0,,,,,False,数据不足,-16.71
2022Q2,银行,,,,,,,,2.19,100.0,,,,,1.0,,11.12,,0.0,,,,,False,数据不足,-4.01
2022Q2,非银金融,,,,,,,,3.97,100.0,,,,,1.0,,8.94,,0.0,,,,,False,数据不足,-15.66
2022Q2,综合,,,,,,,,0.39,0.0,,,,,1.0,,0.0,,52.22,,,,,False,数据不足,9.62
2022Q2,建筑材料,,,,,,,,1.64,100.0,,,,,1.0,,1.38,,48.51,,,,,False,数据不足,11.25
2022Q2,建筑装饰,,,,,,,,3.65,100.0,,,,,1.0,,1.88,,0.0,,,,,False,数据不足,-9.3
2022Q2,电力设备,,,,,,,,9.58,100.0,,,,,1.0,,13.14,,0.0,,,,,False,数据不足,-19.25
2022Q2,机械设备,,,,,,,,4.18,0.0,,,,,1.0,,1.99,,0.0,,,,,False,数据不足,-0.19
2022Q2,国防军工,,,,,,,,2.35,0.0,,,,,1.0,,1.42,,0.0,,,,,False,数据不足,-7.65
2022Q2,计算机,,,,,,,,4.23,0.0,,,,,1.0,,3.62,,0.0,,,,,False,数据不足,-8.03
2022Q2,传媒,,,,,,,,2.61,0.0,,,,,1.0,,0.68,,0.0,,,,,False,数据不足,-4.37
2022Q2,通信,,,,,,,,1.38,0.0,,,,,1.0,,1.05,,0.0,,,,,False,数据不足,-0.95
2022Q2,煤炭,,,,,,,,2.24,100.0,,,,,1.0,,1.18,,44.2,,,,,False,数据不足,7.14
2022Q2,石油石化,,,,,,,,1.4,100.0,,,,,1.0,,1.25,,50.08,,,,,False,数据不足,4.26
2022Q2,环保,,,,,,,,0.84,0.0,,,,,1.0,,0.0,,0.0,,,,,False,数据不足,-4.47
2022Q2,美容护理,,,,,,,,0.37,100.0,,,,,1.0,,0.4,,47.87,,,,,False,数据不足,14.52
2022Q3,农林牧渔,,,,,,,,2.1,0.0,,,,,0.0,,2.0,,0.0,,,,,False,数据不足,-13.48
2022Q3,基础化工,,,,,,,,6.95,50.0,,,,,0.0,,2.83,,65.45,,,,,False,数据不足,0.15
2022Q3,钢铁,,,,,,,,1.02,0.0,,,,,0.0,,0.6,,0.0,,,,,False,数据不足,-14.74
2022Q3,有色金属,,,,,,,,6.58,100.0,,,,,0.0,,3.35,,63.78,,,,,False,数据不足,3.86
2022Q3,电子,,,,,,,,8.97,100.0,,,,,0.0,,6.92,,58.51,,,,,False,数据不足,20.86
2022Q3,汽车,,,,,,,,6.37,100.0,,,,,0.0,,3.33,,22.88,,,,,False,数据不足,-17.1
2022Q3,家用电器,,,,,,,,1.82,100.0,,,,,0.0,,3.19,,0.0,,,,,False,数据不足,-7.69
2022Q3,食品饮料,,,,,,,,3.49,0.0,,,,,0.0,,13.48,,0.0,,,,,False,数据不足,-20.12
2022Q3,纺织服饰,,,,,,,,0.82,0.0,,,,,0.0,,0.02,,0.0,,,,,False,数据不足,-7.46
2022Q3,轻工制造,,,,,,,,1.13,50.0,,,,,0.0,,0.27,,0.0,,,,,False,数据不足,-12.55
2022Q3,医药生物,,,,,,,,6.4,0.0,,,,,0.0,,7.28,,0.0,,,,,False,数据不足,-10.33
2022Q3,公用事业,,,,,,,,3.53,100.0,,,,,0.0,,2.86,,57.8,,,,,False,数据不足,1.06
2022Q3,交通运输,,,,,,,,2.23,50.0,,,,,0.0,,2.81,,0.0,,,,,False,数据不足,-6.95
2022Q3,房地产,,,,,,,,2.22,0.0,,,,,0.0,,2.14,,0.0,,,,,False,数据不足,-16.73
2022Q3,商贸零售,,,,,,,,1.22,0.0,,,,,0.0,,1.14,,0.0,,,,,False,数据不足,-23.53
2022Q3,社会服务,,,,,,,,0.79,0.0,,,,,0.0,,0.04,,0.0,,,,,False,数据不足,-16.71
2022Q3,银行,,,,,,,,1.54,0.0,,,,,0.0,,11.48,,0.0,,,,,False,数据不足,-11.84
2022Q3,非银金融,,,,,,,,2.7,0.0,,,,,0.0,,8.88,,0.0,,,,,False,数据不足,-15.66
2022Q3,综合,,,,,,,,0.27,0.0,,,,,0.0,,0.0,,74.39,,,,,False,数据不足,9.62
2022Q3,建筑材料,,,,,,,,1.47,0.0,,,,,0.0,,1.1,,67.34,,,,,False,数据不足,11.25
2022Q3,建筑装饰,,,,,,,,2.28,0.0,,,,,0.0,,1.98,,0.0,,,,,False,数据不足,-9.3
2022Q3,电力设备,,,,,,,,13.72,100.0,,,,,0.0,,12.16,,0.0,,,,,False,数据不足,-19.25
2022Q3,机械设备,,,,,,,,6.67,100.0,,,,,0.0,,1.94,,0.0,,,,,False,数据不足,-0.19
2022Q3,国防军工,,,,,,,,3.21,100.0,,,,,0.0,,1.6,,0.0,,,,,False,数据不足,-7.65
2022Q3,计算机,,,,,,,,4.2,0.0,,,,,0.0,,3.62,,0.0,,,,,False,数据不足,-14.52
2022Q3,传媒,,,,,,,,2.0,0.0,,,,,0.0,,0.64,,0.0,,,,,False,数据不足,-16.64
2022Q3,通信,,,,,,,,1.88,50.0,,,,,0.0,,1.15,,0.0,,,,,False,数据不足,-6.41
2022Q3,煤炭,,,,,,,,1.85,50.0,,,,,0.0,,1.45,,67.39,,,,,False,数据不足,0.97
2022Q3,石油石化,,,,,,,,1.26,0.0,,,,,0.0,,1.36,,0.0,,,,,False,数据不足,-4.91
2022Q3,环保,,,,,,,,0.99,100.0,,,,,0.0,,0.0,,0.0,,,,,False,数据不足,-10.13
2022Q3,美容护理,,,,,,,,0.33,50.0,,,,,0.0,,0.39,,0.0,,,,,False,数据不足,-13.9
2022Q4,农林牧渔,,,,,,,,2.16,33.3333,,,,,1.0,,1.82,,0.0,,,,,False,数据不足,-13.48
2022Q4,基础化工,,,,,,,,4.96,0.0,,,,,1.0,,2.86,,82.86,,,,,False,数据不足,0.15
2022Q4,钢铁,,,,,,,,0.74,0.0,,,,,1.0,,0.6,,0.0,,,,,False,数据不足,-14.74
2022Q4,有色金属,,,,,,,,4.78,0.0,,,,,1.0,,3.18,,81.9,,,,,False,数据不足,3.86
2022Q4,电子,,,,,,,,7.41,66.6667,,,,,1.0,,6.94,,77.64,,,,,False,数据不足,20.86
2022Q4,汽车,,,,,,,,4.35,33.3333,,,,,1.0,,3.35,,18.48,,,,,False,数据不足,-0.43
2022Q4,家用电器,,,,,,,,1.53,66.6667,,,,,1.0,,3.09,,0.0,,,,,False,数据不足,-7.69
2022Q4,食品饮料,,,,,,,,4.91,100.0,,,,,1.0,,12.46,,0.0,,,,,False,数据不足,-20.12
2022Q4,纺织服饰,,,,,,,,0.93,100.0,,,,,1.0,,0.05,,0.0,,,,,False,数据不足,-7.46
2022Q4,轻工制造,,,,,,,,1.51,100.0,,,,,1.0,,0.29,,22.99,,,,,False,数据不足,7.5
2022Q4,医药生物,,,,,,,,13.31,100.0,,,,,1.0,,7.29,,0.0,,,,,False,数据不足,-10.33
2022Q4,公用事业,,,,,,,,2.34,0.0,,,,,1.0,,2.79,,80.98,,,,,False,数据不足,1.06
2022Q4,交通运输,,,,,,,,2.51,66.6667,,,,,1.0,,3.35,,0.0,,,,,False,数据不足,-6.95
2022Q4,房地产,,,,,,,,3.06,66.6667,,,,,1.0,,1.91,,0.0,,,,,False,数据不足,-16.73
2022Q4,商贸零售,,,,,,,,1.93,66.6667,,,,,1.0,,1.13,,0.0,,,,,False,数据不足,-23.53
2022Q4,社会服务,,,,,,,,1.71,100.0,,,,,1.0,,0.0,,0.0,,,,,False,数据不足,-16.71
2022Q4,银行,,,,,,,,1.84,33.3333,,,,,1.0,,11.3,,21.11,,,,,False,数据不足,4.08
2022Q4,非银金融,,,,,,,,3.26,33.3333,,,,,1.0,,9.34,,0.0,,,,,False,数据不足,-15.66
2022Q4,综合,,,,,,,,0.26,0.0,,,,,1.0,,0.0,,82.37,,,,,False,数据不足,9.62
2022Q4,建筑材料,,,,,,,,1.28,0.0,,,,,1.0,,1.08,,80.75,,,,,False,数据不足,11.25
2022Q4,建筑装饰,,,,,,,,2.38,33.3333,,,,,1.0,,2.09,,0.0,,,,,False,数据不足,-9.3
2022Q4,电力设备,,,,,,,,9.87,66.6667,,,,,1.0,,11.88,,0.0,,,,,False,数据不足,-19.25
2022Q4,机械设备,,,,,,,,5.0,66.6667,,,,,1.0,,2.2,,0.0,,,,,False,数据不足,-0.19
2022Q4,国防军工,,,,,,,,2.63,66.6667,,,,,1.0,,1.74,,0.0,,,,,False,数据不足,-7.65
2022Q4,计算机,,,,,,,,6.81,66.6667,,,,,1.0,,4.11,,19.53,,,,,False,数据不足,14.18
2022Q4,传媒,,,,,,,,2.53,33.3333,,,,,1.0,,0.72,,19.48,,,,,False,数据不足,14.08
2022Q4,通信,,,,,,,,2.26,100.0,,,,,1.0,,1.56,,25.77,,,,,False,数据不足,2.37
2022Q4,煤炭,,,,,,,,1.34,0.0,,,,,1.0,,1.25,,0.0,,,,,False,数据不足,-16.37
2022Q4,石油石化,,,,,,,,1.11,0.0,,,,,1.0,,1.13,,0.0,,,,,False,数据不足,-5.12
2022Q4,环保,,,,,,,,0.82,0.0,,,,,1.0,,0.0,,28.52,,,,,False,数据不足,2.73
2022Q4,美容护理,,,,,,,,0.49,100.0,,,,,1.0,,0.5,,46.24,,,,,False,数据不足,10.31
2023Q1,农林牧渔,,,,,,,,1.82,0.0,-0.57,0.0,,0.0,1.0,,1.75,,0.0,,,,,False,数据不足,-13.48
2023Q1,基础化工,,,,,,,,4.27,0.0,-2.09,0.0,,0.0,1.0,,2.82,,86.82,,,,,False,数据不足,0.15
2023Q1,钢铁,,,,,,,,0.67,0.0,-0.47,0.0,,0.0,1.0,,0.6,,0.0,,,,,False,数据不足,-14.74
2023Q1,有色金属,,,,,,,,4.49,0.0,-1.32,0.0,,0.0,1.0,,3.31,,85.13,,,,,False,数据不足,3.86
2023Q1,电子,,,,,,,,8.74,75.0,1.41,0.0,,0.0,1.0,,7.71,,78.67,,,,,False,数据不足,20.86
2023Q1,汽车,,,,,,,,4.28,25.0,-0.71,0.0,,0.0,1.0,,3.24,,59.65,,,,,False,数据不足,3.93
2023Q1,家用电器,,,,,,,,1.45,50.0,-0.04,0.0,,0.0,1.0,,3.16,,0.0,,,,,False,数据不足,-7.69
2023Q1,食品饮料,,,,,,,,4.27,50.0,0.08,0.0,,0.0,1.0,,12.47,,0.0,,,,,False,数据不足,-20.12
2023Q1,纺织服饰,,,,,,,,0.99,100.0,0.11,1.0,,1.0,1.0,,0.04,,0.0,,,,,False,数据不足,-7.46
2023Q1,轻工制造,,,,,,,,1.65,100.0,0.34,1.0,,1.0,1.0,,0.27,,37.84,,,,,False,数据不足,3.78
2023Q1,医药生物,,,,,,,,7.4,25.0,-2.84,0.0,,0.0,1.0,,6.86,,0.0,,,,,False,数据不足,-10.33
2023Q1,公用事业,,,,,,,,1.88,0.0,-0.83,0.0,,0.0,1.0,,2.73,,86.45,,,,,False,数据不足,1.06
2023Q1,交通运输,,,,,,,,1.95,0.0,-0.44,0.0,,0.0,1.0,,3.22,,0.0,,,,,False,数据不足,-6.95
2023Q1,房地产,,,,,,,,1.83,0.0,-1.09,0.0,,0.0,1.0,,1.64,,0.0,,,,,False,数据不足,-16.73
2023Q1,商贸零售,,,,,,,,1.71,50.0,0.09,0.0,,0.0,1.0,,0.92,,0.0,,,,,False,数据不足,-23.53
2023Q1,社会服务,,,,,,,,1.42,75.0,0.21,0.0,,0.0,1.0,,0.0,,0.0,,,,,False,数据不足,-16.71
2023Q1,银行,,,,,,,,1.72,25.0,-0.2,0.0,,0.0,1.0,,10.57,,17.55,,,,,False,数据不足,-2.7
2023Q1,非银金融,,,,,,,,3.82,75.0,0.45,0.0,,0.0,1.0,,9.04,,0.0,,,,,False,数据不足,-15.66
2023Q1,综合,,,,,,,,0.19,0.0,-0.14,0.0,,0.0,1.0,,0.0,,88.29,,,,,False,数据不足,9.62
2023Q1,建筑材料,,,,,,,,1.13,0.0,-0.33,0.0,,0.0,1.0,,1.05,,85.06,,,,,False,数据不足,11.25
2023Q1,建筑装饰,,,,,,,,2.79,50.0,-0.13,0.0,,0.0,1.0,,2.25,,0.0,,,,,False,数据不足,-9.3
2023Q1,电力设备,,,,,,,,8.88,0.0,-1.7,0.0,,0.0,1.0,,11.12,,0.0,,,,,False,数据不足,-19.25
2023Q1,机械设备,,,,,,,,5.01,75.0,-0.07,0.0,,0.0,1.0,,2.31,,0.0,,,,,False,数据不足,-0.19
2023Q1,国防军工,,,,,,,,3.4,100.0,0.71,1.0,,1.0,1.0,,1.64,,0.0,,,,,False,数据不足,-7.65
2023Q1,计算机,,,,,,,,11.98,100.0,6.28,1.0,,1.0,1.0,,5.52,,67.51,,,,,False,数据不足,36.79
2023Q1,传媒,,,,,,,,4.78,100.0,2.08,1.0,,1.0,1.0,,0.85,,71.34,,,,,False,数据不足,34.24
2023Q1,通信,,,,,,,,4.05,100.0,2.11,1.0,,1.0,1.0,,1.95,,67.66,,,,,False,数据不足,29.51
2023Q1,煤炭,,,,,,,,1.08,0.0,-0.7,0.0,,0.0,1.0,,1.24,,14.54,,,,,False,数据不足,3.42
2023Q1,石油石化,,,,,,,,1.09,0.0,-0.19,0.0,,0.0,1.0,,1.27,,60.82,,,,,False,数据不足,10.63
2023Q1,环保,,,,,,,,0.81,0.0,-0.1,0.0,,0.0,1.0,,0.0,,40.38,,,,,False,数据不足,3.81
2023Q1,美容护理,,,,,,,,0.46,75.0,0.08,0.0,,0.0,1.0,,0.45,,36.12,,,,,False,数据不足,-1.63
2023Q2,农林牧渔,,,,,,,,1.21,0.0,-1.04,0.0,,0.0,0.0,,1.59,,0.0,,,,,False,数据不足,-13.48
2023Q2,基础化工,,,,,,,,2.85,0.0,-2.95,0.0,,0.0,0.0,,2.65,,90.99,,,,,False,数据不足,0.15
2023Q2,钢铁,,,,,,,,0.48,0.0,-0.47,0.0,,0.0,0.0,,0.56,,0.0,,,,,False,数据不足,-14.74
2023Q2,有色金属,,,,,,,,3.44,0.0,-1.99,0.0,,0.0,0.0,,3.35,,88.63,,,,,False,数据不足,3.86
2023Q2,电子,,,,,,,,10.16,100.0,2.26,1.0,,1.0,0.0,,7.87,,78.22,,,,,False,数据不足,20.86
2023Q2,汽车,,,,,,,,3.39,0.0,-1.78,0.0,,0.0,0.0,,3.35,,66.31,,,,,False,数据不足,1.88
2023Q2,家用电器,,,,,,,,1.56,80.0,0.01,0.0,,0.0,0.0,,3.31,,0.0,,,,,False,数据不足,-7.69
2023Q2,食品饮料,,,,,,,,2.89,0.0,-1.38,0.0,,0.0,0.0,,11.26,,0.0,,,,,False,数据不足,-20.12
2023Q2,纺织服饰,,,,,,,,0.68,0.0,-0.23,0.0,,0.0,0.0,,0.04,,0.0,,,,,False,数据不足,-7.46
2023Q2,轻工制造,,,,,,,,1.2,40.0,-0.15,0.0,,0.0,0.0,,0.24,,15.09,,,,,False,数据不足,-5.4
2023Q2,医药生物,,,,,,,,6.13,0.0,-3.03,0.0,,0.0,0.0,,6.41,,0.0,,,,,False,数据不足,-10.33
2023Q2,公用事业,,,,,,,,2.19,20.0,-0.36,0.0,,0.0,0.0,,2.98,,84.9,,,,,False,数据不足,1.06
2023Q2,交通运输,,,,,,,,1.73,0.0,-0.65,0.0,,0.0,0.0,,3.12,,0.0,,,,,False,数据不足,-6.95
2023Q2,房地产,,,,,,,,1.39,0.0,-1.36,0.0,,0.0,0.0,,1.56,,0.0,,,,,False,数据不足,-16.73
2023Q2,商贸零售,,,,,,,,1.75,60.0,0.05,0.0,,0.0,0.0,,0.57,,0.0,,,,,False,数据不足,-23.53
2023Q2,社会服务,,,,,,,,1.42,80.0,0.16,0.0,,0.0,0.0,,0.1,,0.0,,,,,False,数据不足,-16.71
2023Q2,银行,,,,,,,,2.05,60.0,0.23,0.0,,0.0,0.0,,10.93,,14.31,,,,,False,数据不足,-0.14
2023Q2,非银金融,,,,,,,,3.87,80.0,0.43,0.0,,0.0,0.0,,9.35,,0.0,,,,,False,数据不足,-15.66
2023Q2,综合,,,,,,,,0.15,0.0,-0.12,0.0,,0.0,0.0,,0.0,,90.58,,,,,False,数据不足,9.62
2023Q2,建筑材料,,,,,,,,0.85,0.0,-0.53,0.0,,0.0,0.0,,0.98,,88.83,,,,,False,数据不足,11.25
2023Q2,建筑装饰,,,,,,,,2.93,60.0,0.16,0.0,,0.0,0.0,,2.31,,0.0,,,,,False,数据不足,-9.3
2023Q2,电力设备,,,,,,,,7.54,0.0,-2.98,0.0,,0.0,0.0,,11.39,,0.0,,,,,False,数据不足,-19.25
2023Q2,机械设备,,,,,,,,5.36,80.0,0.15,0.0,,0.0,0.0,,2.16,,0.0,,,,,False,数据不足,-0.19
2023Q2,国防军工,,,,,,,,3.18,60.0,0.29,0.0,,0.0,0.0,,2.04,,0.0,,,,,False,数据不足,-7.65
2023Q2,计算机,,,,,,,,13.54,100.0,6.74,1.0,,1.0,0.0,,5.32,,47.79,,,,,False,数据不足,-6.74
2023Q2,传媒,,,,,,,,9.46,100.0,6.48,1.0,,1.0,0.0,,0.79,,61.07,,,,,False,数据不足,6.34
2023Q2,通信,,,,,,,,5.74,100.0,3.35,1.0,,1.0,0.0,,2.26,,65.98,,,,,False,数据不足,16.33
2023Q2,煤炭,,,,,,,,0.82,0.0,-0.81,0.0,,0.0,0.0,,1.45,,0.0,,,,,False,数据不足,-8.2
2023Q2,石油石化,,,,,,,,0.98,0.0,-0.23,0.0,,0.0,0.0,,1.64,,52.24,,,,,False,数据不足,-3.04
2023Q2,环保,,,,,,,,0.68,0.0,-0.19,0.0,,0.0,0.0,,0.0,,34.89,,,,,False,数据不足,-2.51
2023Q2,美容护理,,,,,,,,0.37,40.0,-0.05,0.0,,0.0,0.0,,0.41,,0.0,,,,,False,数据不足,-12.18
2023Q3,农林牧渔,,,,,,,,1.45,16.6667,-0.37,0.0,,0.0,0.0,,1.53,,0.0,,,,,False,数据不足,-13.48
2023Q3,基础化工,,,,,,,,3.55,16.6667,-1.2,0.0,,0.0,0.0,,2.74,,91.03,,,,,False,数据不足,0.15
2023Q3,钢铁,,,,,,,,0.65,16.6667,-0.08,0.0,,0.0,0.0,,0.6,,0.0,,,,,False,数据不足,-14.74
2023Q3,有色金属,,,,,,,,3.61,16.6667,-1.21,0.0,,0.0,0.0,,3.34,,90.52,,,,,False,数据不足,3.86
2023Q3,电子,,,,,,,,8.92,66.6667,0.1,0.0,,0.0,0.0,,7.61,,85.62,,,,,False,数据不足,20.86
2023Q3,汽车,,,,,,,,6.27,83.3333,1.67,0.0,,0.0,0.0,,3.44,,55.0,,,,,False,数据不足,-1.45
2023Q3,家用电器,,,,,,,,1.41,33.3333,-0.18,0.0,,0.0,0.0,,3.31,,0.0,,,,,False,数据不足,-7.69
2023Q3,食品饮料,,,,,,,,3.38,16.6667,-0.51,0.0,,0.0,0.0,,12.05,,0.0,,,,,False,数据不足,-20.12
2023Q3,纺织服饰,,,,,,,,0.72,16.6667,-0.13,0.0,,0.0,0.0,,0.04,,0.0,,,,,False,数据不足,-7.46
2023Q3,轻工制造,,,,,,,,1.62,83.3333,0.25,0.0,,0.0,0.0,,0.24,,12.75,,,,,False,数据不足,-0.78
2023Q3,医药生物,,,,,,,,6.65,33.3333,-1.66,0.0,,0.0,0.0,,6.73,,0.0,,,,,False,数据不足,-10.33
2023Q3,公用事业,,,,,,,,1.95,16.6667,-0.53,0.0,,0.0,0.0,,3.02,,89.43,,,,,False,数据不足,1.06
2023Q3,交通运输,,,,,,,,1.7,0.0,-0.4,0.0,,0.0,0.0,,3.12,,0.0,,,,,False,数据不足,-6.95
2023Q3,房地产,,,,,,,,3.01,66.6667,0.88,0.0,,0.0,0.0,,1.57,,0.0,,,,,False,数据不足,-16.73
2023Q3,商贸零售,,,,,,,,1.7,33.3333,0.05,0.0,,0.0,0.0,,0.57,,0.0,,,,,False,数据不足,-23.53
2023Q3,社会服务,,,,,,,,1.14,33.3333,-0.19,0.0,,0.0,0.0,,0.1,,0.0,,,,,False,数据不足,-16.71
2023Q3,银行,,,,,,,,1.87,50.0,0.09,0.0,,0.0,0.0,,11.5,,40.55,,,,,False,数据不足,1.5
2023Q3,非银金融,,,,,,,,6.75,100.0,3.34,1.0,,1.0,0.0,,10.23,,0.0,,,,,False,数据不足,-15.66
2023Q3,综合,,,,,,,,0.15,0.0,-0.07,0.0,,0.0,0.0,,0.0,,92.64,,,,,False,数据不足,9.62
2023Q3,建筑材料,,,,,,,,1.0,16.6667,-0.18,0.0,,0.0,0.0,,1.06,,89.61,,,,,False,数据不足,11.25
2023Q3,建筑装饰,,,,,,,,2.53,33.3333,-0.07,0.0,,0.0,0.0,,2.22,,0.0,,,,,False,数据不足,-9.3
2023Q3,电力设备,,,,,,,,7.1,0.0,-2.9,0.0,,0.0,0.0,,9.78,,0.0,,,,,False,数据不足,-19.25
2023Q3,机械设备,,,,,,,,6.02,83.3333,0.51,0.0,,0.0,0.0,,2.19,,0.0,,,,,False,数据不足,-0.19
2023Q3,国防军工,,,,,,,,2.78,50.0,-0.32,0.0,,0.0,0.0,,1.88,,0.0,,,,,False,数据不足,-7.65
2023Q3,计算机,,,,,,,,10.46,66.6667,1.33,0.0,,0.0,0.0,,4.61,,39.89,,,,,False,数据不足,-11.71
2023Q3,传媒,,,,,,,,5.13,83.3333,0.44,0.0,,0.0,0.0,,0.7,,36.75,,,,,False,数据不足,-15.58
2023Q3,通信,,,,,,,,5.1,83.3333,1.62,0.0,,0.0,0.0,,2.16,,52.14,,,,,False,数据不足,-10.65
2023Q3,煤炭,,,,,,,,0.93,16.6667,-0.34,0.0,,0.0,0.0,,1.55,,8.5,,,,,False,数据不足,5.26
2023Q3,石油石化,,,,,,,,0.86,0.0,-0.25,0.0,,0.0,0.0,,1.72,,90.28,,,,,False,数据不足,4.37
2023Q3,环保,,,,,,,,1.16,100.0,0.34,1.0,,1.0,0.0,,0.0,,17.03,,,,,False,数据不足,-3.32
2023Q3,美容护理,,,,,,,,0.39,66.6667,-0.02,0.0,,0.0,0.0,,0.39,,0.0,,,,,False,数据不足,-7.92
2023Q4,农林牧渔,,,,,,,,1.21,14.2857,-0.45,0.0,,0.0,0.0,,1.71,,0.0,,,,,False,数据不足,-13.48
2023Q4,基础化工,,,,,,,,3.37,14.2857,-0.54,0.0,,0.0,0.0,,2.51,,91.88,,,,,False,数据不足,0.15
2023Q4,钢铁,,,,,,,,0.5,14.2857,-0.13,0.0,,0.0,0.0,,0.57,,0.0,,,,,False,数据不足,-14.74
2023Q4,有色金属,,,,,,,,3.05,0.0,-1.03,0.0,,0.0,0.0,,3.43,,92.32,,,,,False,数据不足,3.86
2023Q4,电子,,,,,,,,13.01,100.0,4.2,1.0,,1.0,0.0,,8.79,,82.12,,,,,False,数据不足,20.86
2023Q4,汽车,,,,,,,,7.45,100.0,2.88,1.0,,1.0,0.0,,3.43,,35.69,,,,,False,数据不足,-1.02
2023Q4,家用电器,,,,,,,,1.63,85.7143,0.14,0.0,,0.0,0.0,,3.27,,0.0,,,,,False,数据不足,-7.69
2023Q4,食品饮料,,,,,,,,2.85,0.0,-1.02,0.0,,0.0,0.0,,11.82,,0.0,,,,,False,数据不足,-20.12
2023Q4,纺织服饰,,,,,,,,0.82,28.5714,-0.01,0.0,,0.0,0.0,,0.05,,0.0,,,,,False,数据不足,-7.46
2023Q4,轻工制造,,,,,,,,1.35,42.8571,-0.15,0.0,,0.0,0.0,,0.23,,0.0,,,,,False,数据不足,-4.79
2023Q4,医药生物,,,,,,,,8.68,57.1429,0.31,0.0,,0.0,0.0,,7.45,,0.0,,,,,False,数据不足,-10.33
2023Q4,公用事业,,,,,,,,1.55,0.0,-0.54,0.0,,0.0,0.0,,3.36,,91.97,,,,,False,数据不足,1.06
2023Q4,交通运输,,,,,,,,1.64,0.0,-0.34,0.0,,0.0,0.0,,3.12,,0.0,,,,,False,数据不足,-6.95
2023Q4,房地产,,,,,,,,1.89,28.5714,-0.43,0.0,,0.0,0.0,,1.37,,0.0,,,,,False,数据不足,-16.73
2023Q4,商贸零售,,,,,,,,1.58,28.5714,-0.19,0.0,,0.0,0.0,,0.47,,0.0,,,,,False,数据不足,-23.53
2023Q4,社会服务,,,,,,,,0.98,14.2857,-0.44,0.0,,0.0,0.0,,0.08,,0.0,,,,,False,数据不足,-16.71
2023Q4,银行,,,,,,,,1.56,14.2857,-0.31,0.0,,0.0,0.0,,11.67,,0.0,,,,,False,数据不足,-6.61
2023Q4,非银金融,,,,,,,,3.63,42.8571,-0.8,0.0,,0.0,0.0,,9.75,,0.0,,,,,False,数据不足,-15.66
2023Q4,综合,,,,,,,,0.17,28.5714,-0.02,0.0,,0.0,0.0,,0.0,,91.74,,,,,False,数据不足,9.62
2023Q4,建筑材料,,,,,,,,0.91,14.2857,-0.15,0.0,,0.0,0.0,,0.87,,91.06,,,,,False,数据不足,11.25
2023Q4,建筑装饰,,,,,,,,2.03,0.0,-0.62,0.0,,0.0,0.0,,2.01,,0.0,,,,,False,数据不足,-9.3
2023Q4,电力设备,,,,,,,,6.71,0.0,-1.64,0.0,,0.0,0.0,,8.38,,0.0,,,,,False,数据不足,-19.25
2023Q4,机械设备,,,,,,,,6.31,85.7143,0.96,0.0,,0.0,0.0,,2.25,,0.0,,,,,False,数据不足,-0.19
2023Q4,国防军工,,,,,,,,2.99,57.1429,-0.01,0.0,,0.0,0.0,,1.96,,0.0,,,,,False,数据不足,-7.65
2023Q4,计算机,,,,,,,,10.54,71.4286,-0.16,0.0,,0.0,0.0,,4.57,,22.08,,,,,False,数据不足,-3.26
2023Q4,传媒,,,,,,,,5.92,85.7143,0.44,0.0,,0.0,0.0,,0.64,,30.96,,,,,False,数据不足,-3.08
2023Q4,通信,,,,,,,,4.81,71.4286,0.52,0.0,,0.0,0.0,,2.47,,29.27,,,,,False,数据不足,-6.58
2023Q4,煤炭,,,,,,,,0.9,14.2857,-0.14,0.0,,0.0,0.0,,1.6,,36.03,,,,,False,数据不足,4.18
2023Q4,石油石化,,,,,,,,0.88,14.2857,-0.13,0.0,,0.0,0.0,,1.86,,11.28,,,,,False,数据不足,-6.82
2023Q4,环保,,,,,,,,0.77,14.2857,-0.09,0.0,,0.0,0.0,,0.0,,0.0,,,,,False,数据不足,-4.99
2023Q4,美容护理,,,,,,,,0.32,0.0,-0.1,0.0,,0.0,0.0,,0.32,,0.0,,,,,False,数据不足,-14.55
2024Q1,纺织服饰,0.66,0.61,,,,,,1.06,100.0,0.26,1.0,,1.0,1.0,,0.05,13.0,0.0,,1.63,1.6275,,False,数据不足,-7.46
2024Q1,社会服务,0.55,0.49,,,,,,1.27,62.5,0.03,0.0,,0.0,1.0,,0.07,8.0,0.0,,0.86,0.8579,,False,数据不足,-16.71
2024Q1,电子,12.19,4.02,,,,,,11.27,87.5,1.06,0.0,,0.0,1.0,,8.17,1.0,86.13,,0.79,0.7868,,False,数据不足,20.86
2024Q1,综合,0.11,0.11,,,,,,0.17,25.0,0.0,0.0,,0.0,1.0,,0.0,,92.17,,0.73,0.7346,,False,数据不足,9.62
2024Q1,有色金属,6.01,2.06,,,,,,3.5,25.0,-0.15,0.0,,0.0,1.0,,3.95,2.0,91.62,,0.6,0.6012,,False,数据不足,3.86
2024Q1,轻工制造,1.14,0.92,,,,,,1.46,50.0,0.01,0.0,,0.0,1.0,,0.22,5.0,0.0,,0.47,0.4708,,False,数据不足,-5.96
2024Q1,医药生物,11.75,5.45,,,,,,7.13,37.5,-0.09,0.0,,0.0,1.0,,6.3,2.0,0.0,,0.45,0.4506,,False,数据不足,-10.33
2024Q1,基础化工,3.18,0.62,,,,,,3.84,37.5,0.33,0.0,,0.0,1.0,,2.56,1.0,91.22,,0.39,0.3886,,False,数据不足,0.15
2024Q1,汽车,5.08,1.57,,,,,,5.36,50.0,0.01,0.0,,0.0,1.0,,3.51,1.0,46.96,,0.24,0.2432,,False,数据不足,0.58
2024Q1,通信,3.85,1.16,,,,,,4.87,75.0,-0.06,0.0,,0.0,1.0,,2.69,1.0,51.12,,0.22,0.2214,,False,数据不足,5.68
2024Q1,建筑材料,0.46,-0.39,,,,,,1.07,37.5,0.09,0.0,,0.0,1.0,,0.85,1.0,90.19,,0.15,0.1546,,False,数据不足,11.25
2024Q1,石油石化,1.14,-1.07,,,,,,1.07,37.5,0.11,0.0,,0.0,1.0,,2.2,1.0,89.41,,0.07,0.0678,,False,数据不足,10.58
2024Q1,电力设备,10.95,2.73,,,,,,8.15,37.5,0.59,0.0,,0.0,1.0,,8.22,1.0,0.0,,0.05,0.0524,,False,数据不足,-19.25
2024Q1,公用事业,2.27,-1.44,,,,,,1.97,37.5,0.08,0.0,,0.0,1.0,,3.71,1.0,90.43,,0.05,0.0473,,False,数据不足,1.06
2024Q1,传媒,0.93,0.31,,,,,,5.32,75.0,-1.0,0.0,,0.0,1.0,,0.62,1.0,26.98,,-0.02,-0.0242,,False,数据不足,-1.48
2024Q1,机械设备,3.88,1.51,,,,,,7.0,100.0,1.32,1.0,,1.0,1.0,,2.37,2.0,0.0,,-0.04,-0.0397,,False,数据不足,-0.19
2024Q1,煤炭,1.37,-0.46,,,,,,1.3,50.0,0.37,0.0,,0.0,1.0,,1.83,1.0,54.2,,-0.05,-0.0537,,False,数据不足,10.46
2024Q1,食品饮料,13.2,1.53,,,,,,2.92,25.0,-0.42,0.0,,0.0,1.0,,11.66,1.0,0.0,,-0.12,-0.1166,,False,数据不足,-20.12
2024Q1,国防军工,2.63,0.72,,,,,,2.86,50.0,-0.23,0.0,,0.0,1.0,,1.9,1.0,0.0,,-0.17,-0.1707,,False,数据不足,-7.65
2024Q1,家用电器,4.25,0.63,,,,,,1.7,87.5,0.19,0.0,,0.0,1.0,,3.62,1.0,0.0,,-0.21,-0.214,,False,数据不足,-7.69
2024Q1,农林牧渔,2.04,0.4,,,,,,1.2,0.0,-0.22,0.0,,0.0,1.0,,1.64,1.0,0.0,,-0.23,-0.2299,,False,数据不足,-13.48
2024Q1,环保,0.3,0.3,,,,,,1.04,87.5,0.19,0.0,,0.0,1.0,,0.0,,0.0,,-0.26,-0.2554,,False,数据不足,-6.57
2024Q1,商贸零售,0.54,0.08,,,,,,1.4,25.0,-0.28,0.0,,0.0,1.0,,0.46,1.0,0.0,,-0.28,-0.2778,,False,数据不足,-23.53
2024Q1,美容护理,0.35,0.02,,,,,,0.39,62.5,0.01,0.0,,0.0,1.0,,0.32,1.0,0.0,,-0.3,-0.3003,,False,数据不足,-2.08
2024Q1,计算机,3.96,-0.18,,,,,,9.6,50.0,-2.04,0.0,,0.0,1.0,,4.15,1.0,5.83,,-0.3,-0.3043,,False,数据不足,-10.51
2024Q1,房地产,0.95,-0.25,,,,,,1.63,12.5,-0.4,0.0,,0.0,1.0,,1.2,1.0,0.0,,-0.38,-0.376,,False,数据不足,-16.73
2024Q1,钢铁,0.41,-0.2,,,,,,0.6,25.0,0.03,0.0,,0.0,1.0,,0.62,1.0,0.0,,-0.39,-0.39,,False,数据不足,-14.74
2024Q1,交通运输,2.29,-0.91,,,,,,1.98,62.5,0.22,0.0,,0.0,1.0,,3.2,1.0,0.0,,-0.46,-0.4642,,False,数据不足,-6.95
2024Q1,建筑装饰,0.47,-1.67,,,,,,2.65,50.0,0.08,0.0,,0.0,1.0,,2.14,0.0,0.0,,-0.63,-0.6301,,False,数据不足,-9.3
2024Q1,银行,2.42,-10.14,,,,,,2.28,100.0,0.48,1.0,,1.0,1.0,,12.56,0.0,60.15,,-1.22,-1.2175,,False,数据不足,10.6
2024Q1,非银金融,0.68,-8.51,,,,,,3.95,75.0,-0.57,0.0,,0.0,1.0,,9.19,0.0,0.0,,-1.44,-1.4407,,False,数据不足,-15.66
2024Q2,纺织服饰,0.49,0.43,,0.0,-0.18,,,0.77,22.2222,-0.05,0.0,,0.0,1.0,,0.05,9.0,0.0,,1.23,1.2306,-0.83,True,数据不足,-7.46
2024Q2,电子,15.88,6.89,,100.0,2.87,,,12.59,88.8889,1.75,0.0,,0.0,1.0,,8.99,2.0,87.16,,1.19,1.1917,1.21,False,数据不足,20.86
2024Q2,通信,4.98,2.02,,100.0,0.85,,,4.15,55.5556,-0.98,0.0,,0.0,1.0,,2.96,2.0,45.51,,0.54,0.539,0.76,False,数据不足,-1.94
2024Q2,建筑材料,0.48,-0.3,,100.0,0.1,,,0.93,22.2222,-0.02,0.0,,0.0,1.0,,0.78,1.0,92.47,,0.38,0.3819,0.66,True,数据不足,11.25
2024Q2,电力设备,10.13,2.96,,100.0,0.23,,,8.11,33.3333,0.73,0.0,,0.0,1.0,,7.17,1.0,0.0,,0.33,0.3312,0.79,False,数据不足,-19.25
2024Q2,轻工制造,0.91,0.71,,0.0,-0.21,,,1.2,33.3333,-0.2,0.0,,0.0,1.0,,0.2,4.0,0.0,,0.33,0.3291,-0.78,True,数据不足,-14.72
2024Q2,有色金属,6.02,1.98,,0.0,-0.08,,,5.65,66.6667,2.25,0.0,,0.0,1.0,,4.05,1.0,88.6,,0.33,0.3279,-0.35,False,数据不足,3.86
2024Q2,综合,0.09,0.09,,0.0,-0.02,,,0.15,0.0,-0.02,0.0,,0.0,1.0,,0.0,,94.05,,0.28,0.2776,-0.95,False,数据不足,9.62
2024Q2,石油石化,1.23,-0.84,,100.0,0.23,,,1.26,77.7778,0.32,0.0,,0.0,1.0,,2.08,1.0,79.87,,0.26,0.2641,1.01,True,数据不足,-2.43
2024Q2,汽车,5.23,1.6,,100.0,0.03,,,5.6,55.5556,-0.02,0.0,,0.0,1.0,,3.63,1.0,7.35,,0.26,0.2583,0.85,False,数据不足,-3.84
2024Q2,煤炭,1.56,-0.42,,100.0,0.04,,,1.19,44.4444,0.2,0.0,,0.0,1.0,,1.98,1.0,59.34,,0.23,0.2304,0.81,True,数据不足,1.35
2024Q2,医药生物,11.15,5.14,,0.0,-0.31,,,6.79,33.3333,-0.35,0.0,,0.0,1.0,,6.01,2.0,0.0,,0.21,0.2081,-0.79,True,数据不足,-10.33
2024Q2,国防军工,3.24,1.13,,100.0,0.4,,,3.63,100.0,0.67,1.0,,1.0,1.0,,2.12,2.0,0.0,,0.2,0.1962,1.18,False,数据不足,-7.65
2024Q2,家用电器,4.87,1.26,,100.0,0.63,,,1.9,100.0,0.33,1.0,,1.0,1.0,,3.62,1.0,0.0,,0.17,0.1727,1.15,False,数据不足,-7.69
2024Q2,环保,0.31,0.31,,100.0,0.01,,,0.91,55.5556,-0.0,0.0,,0.0,1.0,,0.0,,0.0,,0.16,0.1636,0.85,False,数据不足,-9.4
2024Q2,基础化工,3.12,0.54,,0.0,-0.08,,,5.46,66.6667,2.05,0.0,,0.0,1.0,,2.58,1.0,89.41,,0.16,0.1552,-0.37,False,数据不足,0.15
2024Q2,美容护理,0.28,0.03,,100.0,0.01,,,0.32,0.0,-0.05,0.0,,0.0,1.0,,0.25,1.0,0.0,,0.02,0.0223,0.53,False,数据不足,-12.45
2024Q2,房地产,0.87,-0.05,,100.0,0.21,,,2.19,44.4444,0.21,0.0,,0.0,1.0,,0.92,1.0,0.0,,-0.02,-0.0158,0.81,False,数据不足,-16.73
2024Q2,钢铁,0.5,-0.09,,100.0,0.12,,,0.66,44.4444,0.1,0.0,,0.0,1.0,,0.59,1.0,0.0,,-0.04,-0.0381,0.8,False,数据不足,-14.74
2024Q2,机械设备,3.91,1.5,,0.0,-0.01,,,6.42,77.7778,0.25,0.0,,0.0,1.0,,2.41,2.0,0.0,,-0.15,-0.1498,-0.47,True,数据不足,-0.19
2024Q2,公用事业,2.9,-1.8,,0.0,-0.36,,,2.9,88.8889,0.99,0.0,,0.0,1.0,,4.69,1.0,88.18,,-0.17,-0.1654,-0.34,False,数据不足,1.06
2024Q2,农林牧渔,1.98,0.29,,0.0,-0.11,,,1.42,33.3333,0.15,0.0,,0.0,1.0,,1.69,1.0,0.0,,-0.34,-0.34,-0.74,False,数据不足,-13.48
2024Q2,传媒,0.67,-0.03,,0.0,-0.34,,,3.1,33.3333,-3.36,0.0,,0.0,1.0,,0.7,1.0,4.91,,-0.38,-0.3827,-1.07,False,数据不足,-20.15
2024Q2,社会服务,0.42,0.42,,0.0,-0.06,,,1.15,44.4444,-0.06,0.0,,0.0,1.0,,0.0,,0.0,,-0.42,-0.4155,-0.7,False,数据不足,-16.71
2024Q2,商贸零售,0.34,-0.12,,0.0,-0.2,,,1.18,0.0,-0.43,0.0,,0.0,1.0,,0.46,1.0,0.0,,-0.46,-0.458,-0.99,False,数据不足,-23.53
2024Q2,食品饮料,9.53,-0.63,,0.0,-2.16,,,2.86,11.1111,-0.16,0.0,,0.0,1.0,,10.16,1.0,0.0,,-0.46,-0.4636,-0.9,False,数据不足,-20.12
2024Q2,计算机,2.52,-1.2,,0.0,-1.02,,,6.82,33.3333,-4.22,0.0,,0.0,1.0,,3.72,1.0,0.0,,-0.56,-0.5629,-1.15,False,数据不足,-16.06
2024Q2,交通运输,2.32,-1.43,,0.0,-0.51,,,2.47,77.7778,0.71,0.0,,0.0,1.0,,3.75,1.0,0.0,,-0.59,-0.593,-0.43,False,数据不足,-6.95
2024Q2,建筑装饰,0.55,-1.69,,0.0,-0.02,,,2.57,44.4444,0.03,0.0,,0.0,1.0,,2.24,0.0,0.0,,-0.69,-0.6872,-0.69,False,数据不足,-9.3
2024Q2,非银金融,0.74,-8.31,,100.0,0.2,,,3.26,11.1111,-1.29,0.0,,0.0,1.0,,9.06,0.0,0.0,,-0.89,-0.8931,0.47,True,数据不足,-15.66
2024Q2,银行,2.74,-10.41,,0.0,-0.27,,,2.4,100.0,0.45,1.0,,1.0,1.0,,13.14,0.0,64.83,,-1.11,-1.1063,-0.33,False,数据不足,5.81
2024Q3,纺织服饰,0.54,0.49,,50.0,0.06,,,0.68,10.0,-0.16,0.0,,0.0,1.0,,0.05,10.0,0.0,,1.28,1.2804,-0.2,False,数据不足,-7.46
2024Q3,传媒,3.66,2.93,,100.0,2.96,,,2.91,30.0,-1.96,0.0,,0.0,1.0,,0.74,5.0,30.17,,1.03,1.0309,0.53,False,数据不足,23.06
2024Q3,通信,5.31,2.49,,100.0,0.47,,,4.06,50.0,-0.67,0.0,,0.0,1.0,,2.82,2.0,75.96,,0.7,0.6986,0.82,False,数据不足,14.22
2024Q3,电子,13.67,4.8,,50.0,-2.09,,,14.9,100.0,3.46,1.0,,1.0,1.0,,8.86,2.0,88.17,,0.67,0.6738,0.8,False,数据不足,20.86
2024Q3,汽车,5.69,2.08,,100.0,0.47,,,6.24,70.0,0.07,0.0,,0.0,1.0,,3.62,2.0,80.45,,0.63,0.6332,1.04,False,数据不足,15.78
2024Q3,综合,0.1,0.1,,50.0,0.0,,,0.14,0.0,-0.01,0.0,,0.0,1.0,,0.0,,95.02,,0.46,0.4616,-0.23,False,数据不足,9.62
2024Q3,轻工制造,0.92,0.72,,50.0,0.01,,,0.95,0.0,-0.46,0.0,,0.0,1.0,,0.2,5.0,7.96,,0.44,0.4402,-0.3,False,数据不足,14.06
2024Q3,社会服务,1.73,1.73,,100.0,1.3,,,1.14,30.0,0.0,0.0,,0.0,1.0,,0.0,,0.0,,0.33,0.3253,0.81,False,数据不足,-16.71
2024Q3,石油石化,1.46,-0.31,,100.0,0.53,,,1.04,30.0,0.03,0.0,,0.0,1.0,,1.77,1.0,84.02,,0.31,0.3137,0.81,False,数据不足,2.0
2024Q3,电力设备,10.91,3.0,,100.0,0.04,,,7.6,30.0,0.08,0.0,,0.0,1.0,,7.91,1.0,0.0,,0.29,0.2852,0.82,False,数据不足,-19.25
2024Q3,商贸零售,1.11,0.62,,100.0,0.74,,,1.38,30.0,-0.08,0.0,,0.0,1.0,,0.49,2.0,0.0,,0.22,0.2212,0.8,False,数据不足,-23.53
2024Q3,有色金属,5.17,1.38,,0.0,-0.6,,,4.26,40.0,0.31,0.0,,0.0,1.0,,3.8,1.0,92.95,,0.13,0.1306,-0.85,False,数据不足,3.86
2024Q3,美容护理,0.33,0.04,,100.0,0.01,,,0.3,0.0,-0.06,0.0,,0.0,1.0,,0.29,1.0,25.32,,0.11,0.1086,0.64,False,数据不足,18.21
2024Q3,建筑材料,0.44,-0.3,,50.0,-0.0,,,0.83,0.0,-0.15,0.0,,0.0,1.0,,0.74,1.0,94.39,,0.09,0.0944,-0.25,True,数据不足,11.25
2024Q3,房地产,1.59,0.55,,100.0,0.59,,,1.89,30.0,-0.29,0.0,,0.0,1.0,,1.05,2.0,0.0,,0.09,0.0918,0.77,False,数据不足,-16.73
2024Q3,医药生物,10.73,4.41,,0.0,-0.73,,,7.32,50.0,0.01,0.0,,0.0,1.0,,6.32,2.0,0.0,,-0.0,-0.0029,-0.83,True,数据不足,-10.33
2024Q3,基础化工,2.67,0.23,,0.0,-0.31,,,3.97,40.0,-0.09,0.0,,0.0,1.0,,2.44,1.0,93.63,,-0.01,-0.0119,-0.9,False,数据不足,0.15
2024Q3,环保,0.31,0.31,,50.0,-0.01,,,0.95,60.0,-0.02,0.0,,0.0,1.0,,0.0,,19.52,,-0.07,-0.0693,0.09,False,数据不足,15.51
2024Q3,国防军工,3.11,1.09,,50.0,-0.03,,,3.13,60.0,0.06,0.0,,0.0,1.0,,2.02,2.0,0.0,,-0.09,-0.0898,0.11,False,数据不足,-7.65
2024Q3,家用电器,4.89,1.2,,50.0,-0.06,,,1.99,100.0,0.34,1.0,,1.0,1.0,,3.7,1.0,0.0,,-0.12,-0.1173,0.36,False,数据不足,-7.69
2024Q3,煤炭,1.16,-0.57,,0.0,-0.15,,,0.93,20.0,-0.15,0.0,,0.0,1.0,,1.73,1.0,64.03,,-0.3,-0.3006,-1.02,False,数据不足,1.24
2024Q3,建筑装饰,0.48,-1.58,,100.0,0.11,,,2.06,10.0,-0.39,0.0,,0.0,1.0,,2.06,0.0,0.0,,-0.31,-0.312,0.64,True,数据不足,-9.3
2024Q3,公用事业,2.05,-2.01,,0.0,-0.22,,,2.47,70.0,0.38,0.0,,0.0,1.0,,4.07,1.0,91.83,,-0.32,-0.3186,-0.67,False,数据不足,1.06
2024Q3,机械设备,3.04,0.69,,0.0,-0.81,,,6.15,60.0,-0.29,0.0,,0.0,1.0,,2.35,1.0,0.0,,-0.4,-0.4013,-0.82,False,数据不足,-0.19
2024Q3,交通运输,2.17,-1.36,,50.0,0.07,,,2.57,90.0,0.63,1.0,,1.0,1.0,,3.53,1.0,0.0,,-0.46,-0.4619,0.35,True,数据不足,-6.95
2024Q3,计算机,2.34,-1.37,,0.0,-0.17,,,8.02,50.0,-1.34,0.0,,0.0,1.0,,3.71,1.0,34.14,,-0.53,-0.5259,-1.02,False,数据不足,25.17
2024Q3,农林牧渔,1.34,-0.21,,0.0,-0.5,,,1.18,0.0,-0.14,0.0,,0.0,1.0,,1.55,1.0,0.0,,-0.55,-0.5513,-1.13,False,数据不足,-13.48
2024Q3,银行,2.68,-9.69,,100.0,0.72,,,2.99,100.0,0.96,1.0,,1.0,1.0,,12.36,0.0,88.61,,-0.6,-0.5956,1.33,True,数据不足,9.31
2024Q3,钢铁,0.31,-0.25,,0.0,-0.16,,,0.55,20.0,-0.05,0.0,,0.0,1.0,,0.56,1.0,0.0,,-0.61,-0.6064,-1.0,False,数据不足,-14.74
2024Q3,食品饮料,8.21,-2.11,,0.0,-1.48,,,3.23,40.0,0.23,0.0,,0.0,1.0,,10.32,1.0,0.0,,-0.73,-0.7321,-0.86,False,数据不足,-20.12
2024Q3,非银金融,1.89,-9.08,,0.0,-0.77,,,4.17,90.0,-0.23,0.0,,0.0,1.0,,10.98,0.0,0.0,,-1.45,-1.4534,-0.65,False,数据不足,-15.66
2024Q4,纺织服饰,0.66,0.6,,66.6667,0.11,,,0.73,27.2727,-0.1,0.0,,0.0,0.0,,0.06,11.0,0.0,,1.16,1.1614,0.08,False,数据不足,-7.46
2024Q4,轻工制造,1.12,1.0,,100.0,0.28,,,1.17,27.2727,-0.07,0.0,,0.0,0.0,,0.13,9.0,11.48,,1.09,1.0946,0.72,False,数据不足,2.75
2024Q4,传媒,3.8,3.07,,100.0,0.15,,,4.11,54.5455,-0.21,0.0,,0.0,0.0,,0.72,5.0,49.52,,1.01,1.0062,0.83,False,数据不足,5.6
2024Q4,电子,17.05,6.83,,66.6667,2.03,,,14.98,100.0,2.04,1.0,,1.0,0.0,,10.21,2.0,76.54,,0.83,0.8303,0.65,False,数据不足,20.86
2024Q4,综合,0.12,0.12,,100.0,0.02,,,0.22,63.6364,0.06,0.0,,0.0,0.0,,0.0,,83.97,,0.75,0.7466,0.9,False,数据不足,9.62
2024Q4,汽车,6.44,2.22,,100.0,0.14,,,4.85,36.3636,-1.31,0.0,,0.0,0.0,,4.22,2.0,75.71,,0.59,0.5851,0.63,False,数据不足,3.89
2024Q4,建筑材料,0.49,-0.19,,100.0,0.1,,,0.75,0.0,-0.19,0.0,,0.0,0.0,,0.68,1.0,88.52,,0.34,0.3423,0.58,True,数据不足,11.25
2024Q4,环保,0.37,0.37,,100.0,0.06,,,0.98,63.6364,0.06,0.0,,0.0,0.0,,0.0,,29.03,,0.34,0.3372,0.91,False,数据不足,4.18
2024Q4,电力设备,11.32,3.45,,100.0,0.45,,,7.19,18.1818,-0.45,0.0,,0.0,0.0,,7.87,1.0,0.0,,0.27,0.2731,0.64,False,数据不足,-19.25
2024Q4,商贸零售,1.34,0.85,,100.0,0.22,,,1.97,100.0,0.59,1.0,,1.0,0.0,,0.5,3.0,0.0,,0.22,0.2178,1.13,False,数据不足,-23.53
2024Q4,通信,4.76,1.31,,33.3333,-1.18,,,4.36,63.6364,-0.11,0.0,,0.0,0.0,,3.45,1.0,80.67,,0.17,0.1745,-0.39,False,数据不足,8.83
2024Q4,美容护理,0.32,0.18,,100.0,0.14,,,0.33,36.3636,-0.0,0.0,,0.0,0.0,,0.13,2.0,6.5,,0.15,0.1534,0.77,False,数据不足,-11.52
2024Q4,石油石化,1.45,-0.26,,100.0,0.06,,,0.64,0.0,-0.42,0.0,,0.0,0.0,,1.7,1.0,49.86,,0.15,0.148,0.55,False,数据不足,-3.53
2024Q4,基础化工,2.54,0.42,,33.3333,0.19,,,3.76,27.2727,-0.4,0.0,,0.0,0.0,,2.11,1.0,86.54,,0.11,0.1076,-0.59,False,数据不足,0.15
2024Q4,社会服务,1.61,1.61,,66.6667,-0.12,,,1.11,18.1818,-0.02,0.0,,0.0,0.0,,0.0,,0.0,,0.01,0.0075,0.04,False,数据不足,-16.71
2024Q4,计算机,2.75,-1.12,,66.6667,0.26,,,11.92,81.8182,3.18,0.0,,0.0,0.0,,3.86,1.0,56.25,,-0.08,-0.0794,0.69,True,数据不足,11.05
2024Q4,有色金属,3.16,-0.36,,0.0,-1.73,,,3.23,9.0909,-0.88,0.0,,0.0,0.0,,3.52,1.0,87.87,,-0.16,-0.1615,-1.37,False,数据不足,3.86
2024Q4,房地产,1.1,0.24,,66.6667,-0.3,,,1.8,18.1818,-0.1,0.0,,0.0,0.0,,0.86,1.0,0.0,,-0.19,-0.1903,0.04,False,数据不足,-16.73
2024Q4,医药生物,9.43,3.66,,0.0,-0.76,,,5.34,0.0,-2.14,0.0,,0.0,0.0,,5.77,2.0,0.0,,-0.19,-0.1941,-1.55,True,数据不足,-10.33
2024Q4,国防军工,2.93,1.09,,33.3333,-0.0,,,3.31,81.8182,0.15,0.0,,0.0,0.0,,1.84,2.0,0.0,,-0.25,-0.2475,-0.28,True,数据不足,-7.65
2024Q4,机械设备,3.31,0.96,,33.3333,0.27,,,6.8,90.9091,0.33,1.0,,1.0,0.0,,2.35,1.0,0.0,,-0.28,-0.2829,-0.21,False,数据不足,-0.19
2024Q4,建筑装饰,0.65,-1.39,,100.0,0.19,,,2.14,18.1818,-0.19,0.0,,0.0,0.0,,2.03,0.0,0.0,,-0.28,-0.2849,0.66,True,数据不足,-9.3
2024Q4,家用电器,4.76,1.06,,33.3333,-0.14,,,2.07,100.0,0.26,1.0,,1.0,0.0,,3.7,1.0,0.0,,-0.29,-0.2904,-0.18,False,数据不足,-7.69
2024Q4,钢铁,0.41,-0.15,,66.6667,0.09,,,0.59,27.2727,0.02,0.0,,0.0,0.0,,0.56,1.0,0.0,,-0.3,-0.2968,0.09,True,数据不足,-14.74
2024Q4,公用事业,1.58,-2.26,,0.0,-0.25,,,1.68,9.0909,-0.55,0.0,,0.0,0.0,,3.83,0.0,87.5,,-0.39,-0.3891,-1.33,False,数据不足,1.06
2024Q4,农林牧渔,1.14,-0.19,,33.3333,0.01,,,1.05,0.0,-0.2,0.0,,0.0,0.0,,1.33,1.0,0.0,,-0.45,-0.4531,-0.7,False,数据不足,-13.48
2024Q4,银行,3.74,-9.29,,100.0,0.4,,,1.65,18.1818,-0.65,0.0,,0.0,0.0,,13.04,0.0,86.02,,-0.5,-0.5002,0.61,True,数据不足,5.07
2024Q4,煤炭,0.81,-0.75,,0.0,-0.18,,,0.69,0.0,-0.39,0.0,,0.0,0.0,,1.56,1.0,30.75,,-0.55,-0.5507,-1.36,False,数据不足,-7.89
2024Q4,食品饮料,7.51,-1.71,,33.3333,0.41,,,2.41,0.0,-0.55,0.0,,0.0,0.0,,9.21,1.0,0.0,,-0.59,-0.5872,-0.74,False,数据不足,-20.12
2024Q4,交通运输,2.04,-1.47,,0.0,-0.11,,,1.84,27.2727,-0.32,0.0,,0.0,0.0,,3.51,1.0,0.0,,-0.77,-0.7676,-1.22,False,数据不足,-6.95
2024Q4,非银金融,1.34,-9.91,,0.0,-0.83,,,6.31,90.9091,2.56,1.0,,1.0,0.0,,11.25,0.0,0.0,,-1.55,-1.5463,-0.61,False,数据不足,-15.66
2025Q1,传媒,5.69,4.99,,100.0,1.91,,,3.89,50.0,0.03,0.0,,0.0,0.0,,0.71,8.0,64.02,,1.56,1.5579,1.15,False,数据不足,4.1
2025Q1,电子,18.37,8.14,,100.0,1.3,,,15.3,100.0,1.86,1.0,,1.0,0.0,,10.24,2.0,83.77,,1.18,1.179,1.54,False,数据不足,20.86
2025Q1,轻工制造,1.15,1.02,,100.0,0.03,,,1.1,8.3333,-0.09,0.0,,0.0,0.0,,0.12,9.0,6.68,,1.09,1.09,0.96,False,数据不足,-8.36
2025Q1,纺织服饰,0.52,0.47,,25.0,-0.13,,,0.74,33.3333,-0.07,0.0,,0.0,0.0,,0.05,11.0,0.0,,0.84,0.8442,-0.36,True,数据不足,-7.46
2025Q1,商贸零售,2.77,2.27,,100.0,1.43,,,1.82,75.0,0.34,0.0,,0.0,0.0,,0.49,6.0,0.0,,0.73,0.7286,1.29,False,数据不足,-23.53
2025Q1,建筑材料,0.52,-0.19,,100.0,0.0,,,0.53,0.0,-0.37,0.0,,0.0,0.0,,0.71,1.0,93.47,,0.45,0.4454,0.9,True,数据不足,11.25
2025Q1,美容护理,0.44,0.31,,100.0,0.13,,,0.26,0.0,-0.07,0.0,,0.0,0.0,,0.13,3.0,21.28,,0.42,0.4175,0.93,False,数据不足,1.89
2025Q1,汽车,7.78,3.0,,100.0,0.79,,,5.86,66.6667,0.34,0.0,,0.0,0.0,,4.78,2.0,0.0,,0.32,0.3209,1.25,False,数据不足,-23.92
2025Q1,综合,0.09,0.09,,0.0,-0.03,,,0.2,58.3333,0.03,0.0,,0.0,0.0,,0.0,,88.13,,0.13,0.1311,-0.72,False,数据不足,9.62
2025Q1,有色金属,4.17,0.15,,25.0,0.51,,,3.47,25.0,-0.68,0.0,,0.0,0.0,,4.01,1.0,89.87,,0.11,0.1074,-0.45,False,数据不足,3.86
2025Q1,环保,0.31,0.31,,25.0,-0.06,,,0.82,25.0,-0.15,0.0,,0.0,0.0,,0.0,,54.58,,0.09,0.0882,-0.41,False,数据不足,3.15
2025Q1,医药生物,10.02,4.15,,25.0,0.49,,,4.74,0.0,-1.91,0.0,,0.0,0.0,,5.87,2.0,0.0,,0.04,0.0386,-0.67,True,数据不足,-10.33
2025Q1,基础化工,2.34,0.19,,0.0,-0.23,,,3.9,41.6667,-0.36,0.0,,0.0,0.0,,2.15,1.0,89.19,,-0.01,-0.0144,-0.83,False,数据不足,0.15
2025Q1,社会服务,1.27,1.27,,50.0,-0.34,,,0.94,8.3333,-0.22,0.0,,0.0,0.0,,0.0,,0.0,,-0.03,-0.0285,-0.01,False,数据不足,-16.71
2025Q1,计算机,2.74,-1.16,,50.0,-0.05,,,13.26,91.6667,4.17,1.0,,1.0,0.0,,3.91,1.0,63.74,,-0.04,-0.0433,0.75,True,数据不足,7.62
2025Q1,机械设备,3.72,1.16,,50.0,0.2,,,9.4,100.0,2.82,1.0,,1.0,0.0,,2.57,1.0,0.0,,-0.1,-0.1012,0.67,False,数据不足,-0.19
2025Q1,通信,3.45,0.2,,0.0,-1.11,,,5.84,100.0,1.48,1.0,,1.0,0.0,,3.25,1.0,65.9,,-0.14,-0.1372,-0.41,False,数据不足,-1.17
2025Q1,钢铁,0.45,-0.12,,75.0,0.04,,,0.67,58.3333,0.07,0.0,,0.0,0.0,,0.57,1.0,0.0,,-0.15,-0.1518,0.71,True,数据不足,-14.74
2025Q1,建筑装饰,0.49,-1.35,,100.0,0.04,,,1.5,0.0,-0.85,0.0,,0.0,0.0,,1.84,0.0,0.0,,-0.18,-0.183,0.86,True,数据不足,-9.3
2025Q1,房地产,0.98,0.17,,50.0,-0.07,,,1.09,0.0,-0.79,0.0,,0.0,0.0,,0.81,1.0,0.0,,-0.21,-0.2068,-0.09,False,数据不足,-16.73
2025Q1,国防军工,2.41,0.77,,25.0,-0.32,,,2.6,16.6667,-0.63,0.0,,0.0,0.0,,1.64,1.0,0.0,,-0.26,-0.257,-0.48,False,数据不足,-7.65
2025Q1,石油石化,0.93,-0.64,,50.0,-0.39,,,0.61,0.0,-0.39,0.0,,0.0,0.0,,1.57,1.0,7.76,,-0.3,-0.3039,-0.06,True,数据不足,-5.9
2025Q1,公用事业,1.02,-2.51,,0.0,-0.25,,,1.39,0.0,-0.86,0.0,,0.0,0.0,,3.53,0.0,91.93,,-0.31,-0.3077,-1.06,False,数据不足,1.06
2025Q1,电力设备,9.02,1.46,,0.0,-1.99,,,7.7,41.6667,-0.06,0.0,,0.0,0.0,,7.55,1.0,0.0,,-0.36,-0.3618,-0.8,False,数据不足,-19.25
2025Q1,家用电器,4.35,0.48,,0.0,-0.58,,,2.29,100.0,0.37,1.0,,1.0,0.0,,3.87,1.0,0.0,,-0.45,-0.4477,-0.51,False,数据不足,-7.69
2025Q1,食品饮料,7.4,-1.92,,25.0,-0.21,,,2.15,0.0,-0.7,0.0,,0.0,0.0,,9.32,1.0,0.0,,-0.55,-0.5488,-0.56,False,数据不足,-20.12
2025Q1,农林牧渔,1.0,-0.36,,0.0,-0.17,,,0.89,0.0,-0.33,0.0,,0.0,0.0,,1.35,1.0,0.0,,-0.56,-0.5593,-1.01,False,数据不足,-13.48
2025Q1,煤炭,0.43,-0.94,,0.0,-0.19,,,0.56,0.0,-0.46,0.0,,0.0,0.0,,1.37,0.0,5.82,,-0.63,-0.6252,-1.02,False,数据不足,-10.59
2025Q1,银行,3.47,-10.01,,50.0,-0.72,,,1.58,16.6667,-0.75,0.0,,0.0,0.0,,13.48,0.0,89.87,,-0.66,-0.6616,-0.02,True,数据不足,5.87
2025Q1,交通运输,1.54,-1.85,,0.0,-0.38,,,1.35,0.0,-0.87,0.0,,0.0,0.0,,3.38,0.0,0.0,,-0.71,-0.7102,-1.06,False,数据不足,-6.95
2025Q1,非银金融,1.14,-9.58,,25.0,0.34,,,3.55,25.0,-0.87,0.0,,0.0,0.0,,10.72,0.0,0.0,,-1.24,-1.2359,-0.47,False,数据不足,-15.66
2025Q2,传媒,5.49,4.92,,80.0,-0.07,,,2.86,23.0769,-0.64,0.0,,0.0,0.0,,0.57,10.0,76.33,,1.32,1.3209,0.32,False,数据不足,8.32
2025Q2,轻工制造,1.68,1.57,,100.0,0.54,,,1.64,92.3077,0.54,1.0,,1.0,0.0,,0.11,15.0,0.0,,1.23,1.2288,1.25,False,数据不足,-8.36
2025Q2,电子,18.09,8.14,,100.0,0.01,,,11.64,61.5385,-2.8,0.0,,0.0,0.0,,9.94,2.0,89.94,,1.09,1.0944,0.56,False,数据不足,20.86
2025Q2,纺织服饰,0.6,0.56,,60.0,0.09,,,1.14,100.0,0.41,1.0,,1.0,0.0,,0.04,16.0,0.0,,1.03,1.0289,0.52,False,数据不足,-7.46
2025Q2,综合,0.15,0.15,,100.0,0.06,,,0.21,61.5385,0.04,0.0,,0.0,0.0,,0.0,,88.66,,0.81,0.8098,1.01,False,数据不足,9.62
2025Q2,环保,0.31,0.31,,80.0,0.01,,,1.06,92.3077,0.14,1.0,,1.0,0.0,,0.0,,82.22,,0.63,0.6315,0.81,False,数据不足,4.65
2025Q2,医药生物,12.02,6.29,,100.0,2.14,,,7.15,53.8462,1.1,0.0,,0.0,0.0,,5.73,2.0,0.0,,0.54,0.5382,1.13,False,数据不足,-10.33
2025Q2,基础化工,2.64,0.67,,100.0,0.47,,,5.88,76.9231,1.61,0.0,,0.0,0.0,,1.97,1.0,86.14,,0.47,0.473,1.33,False,数据不足,0.15
2025Q2,建筑材料,0.51,0.0,,100.0,0.19,,,0.64,7.6923,-0.12,0.0,,0.0,0.0,,0.51,1.0,92.65,,0.43,0.4276,0.69,False,数据不足,11.25
2025Q2,通信,5.55,1.93,,60.0,1.73,,,4.44,61.5385,-0.17,0.0,,0.0,0.0,,3.62,2.0,89.54,,0.4,0.4005,0.22,False,数据不足,10.69
2025Q2,美容护理,0.53,0.4,,100.0,0.09,,,0.61,100.0,0.31,1.0,,1.0,0.0,,0.13,4.0,27.5,,0.4,0.3997,1.25,False,数据不足,4.92
2025Q2,商贸零售,1.95,1.39,,80.0,-0.88,,,2.01,100.0,0.42,1.0,,1.0,0.0,,0.56,3.0,0.0,,0.18,0.1841,0.9,False,数据不足,-23.53
2025Q2,国防军工,3.22,1.29,,100.0,0.52,,,4.11,100.0,0.95,1.0,,1.0,0.0,,1.93,2.0,0.0,,0.13,0.126,1.35,False,数据不足,-7.65
2025Q2,有色金属,4.24,0.1,,20.0,-0.05,,,4.14,46.1538,-0.01,0.0,,0.0,0.0,,4.14,1.0,89.51,,0.02,0.0206,-0.59,False,数据不足,3.86
2025Q2,汽车,6.18,1.73,,40.0,-1.27,,,6.06,69.2308,0.43,0.0,,0.0,0.0,,4.45,1.0,0.0,,-0.16,-0.1636,-0.02,False,数据不足,-23.92
2025Q2,社会服务,0.92,0.92,,40.0,-0.35,,,1.03,23.0769,-0.05,0.0,,0.0,0.0,,0.0,,0.0,,-0.2,-0.2026,-0.34,False,数据不足,-16.71
2025Q2,农林牧渔,1.45,0.04,,60.0,0.4,,,1.71,61.5385,0.58,0.0,,0.0,0.0,,1.41,1.0,0.0,,-0.22,-0.22,0.34,False,数据不足,-13.48
2025Q2,石油石化,0.78,-0.79,,40.0,-0.15,,,0.82,15.3846,-0.07,0.0,,0.0,0.0,,1.57,0.0,33.11,,-0.27,-0.2654,-0.39,False,数据不足,1.17
2025Q2,房地产,0.85,0.11,,40.0,-0.06,,,1.09,7.6923,-0.65,0.0,,0.0,0.0,,0.74,1.0,0.0,,-0.31,-0.3058,-0.52,False,数据不足,-16.73
2025Q2,机械设备,3.22,0.93,,20.0,-0.22,,,7.81,92.3077,0.62,1.0,,1.0,0.0,,2.29,1.0,0.0,,-0.32,-0.3223,-0.24,False,数据不足,-0.19
2025Q2,计算机,2.28,-1.63,,0.0,-0.47,,,9.19,46.1538,-0.82,0.0,,0.0,0.0,,3.91,1.0,72.31,,-0.33,-0.3303,-1.09,False,数据不足,1.17
2025Q2,公用事业,0.92,-2.7,,0.0,-0.2,,,2.25,53.8462,0.14,0.0,,0.0,0.0,,3.62,0.0,88.97,,-0.36,-0.3568,-0.9,False,数据不足,1.06
2025Q2,建筑装饰,0.45,-1.43,,60.0,-0.08,,,1.53,7.6923,-0.54,0.0,,0.0,0.0,,1.88,0.0,0.0,,-0.4,-0.3958,-0.12,True,数据不足,-9.3
2025Q2,电力设备,8.24,1.25,,0.0,-0.21,,,7.03,7.6923,-0.61,0.0,,0.0,0.0,,6.99,1.0,0.0,,-0.42,-0.4174,-1.26,False,数据不足,-19.25
2025Q2,家用电器,3.83,0.28,,0.0,-0.2,,,1.73,61.5385,-0.33,0.0,,0.0,0.0,,3.56,1.0,0.0,,-0.5,-0.4989,-0.93,False,数据不足,-7.69
2025Q2,钢铁,0.26,-0.27,,0.0,-0.15,,,0.58,23.0769,-0.04,0.0,,0.0,0.0,,0.53,0.0,0.0,,-0.59,-0.5885,-1.09,False,数据不足,-14.74
2025Q2,煤炭,0.35,-0.99,,0.0,-0.05,,,0.54,0.0,-0.3,0.0,,0.0,0.0,,1.35,0.0,6.49,,-0.63,-0.6299,-1.25,False,数据不足,-1.9
2025Q2,交通运输,1.67,-1.86,,0.0,-0.01,,,2.24,69.2308,0.18,0.0,,0.0,0.0,,3.53,0.0,0.0,,-0.71,-0.7096,-0.81,False,数据不足,-6.95
2025Q2,食品饮料,4.92,-3.39,,0.0,-1.48,,,2.72,15.3846,0.05,0.0,,0.0,0.0,,8.31,1.0,0.0,,-0.82,-0.8154,-1.12,False,数据不足,-20.12
2025Q2,银行,4.61,-10.83,,0.0,-0.82,,,2.29,84.6154,0.14,0.0,,0.0,0.0,,15.44,0.0,87.74,,-0.97,-0.9714,-0.73,False,数据不足,5.87
2025Q2,非银金融,2.09,-9.09,,40.0,0.49,,,3.82,46.1538,-0.5,0.0,,0.0,0.0,,11.18,0.0,0.0,,-1.08,-1.0772,-0.29,False,数据不足,-15.66
2025Q3,电子,25.79,12.24,,100.0,4.1,,,16.06,100.0,1.86,1.0,,1.0,0.0,,13.55,2.0,78.48,,1.57,1.5656,1.88,False,数据不足,20.86
2025Q3,通信,9.48,4.28,,100.0,2.35,,,5.62,85.7143,0.95,0.0,,0.0,0.0,,5.2,2.0,79.68,,0.97,0.9747,1.66,False,数据不足,48.65
2025Q3,传媒,2.41,1.8,,33.3333,-3.12,,,2.71,21.4286,-0.73,0.0,,0.0,0.0,,0.61,4.0,88.79,,0.94,0.9384,-0.3,True,数据不足,20.33
2025Q3,纺织服饰,0.21,0.18,,0.0,-0.38,,,0.76,35.7143,-0.06,0.0,,0.0,0.0,,0.03,6.0,0.0,,0.73,0.7253,-0.81,True,数据不足,-7.46
2025Q3,建筑材料,0.63,0.14,,100.0,0.14,,,0.96,50.0,0.27,0.0,,0.0,0.0,,0.49,1.0,81.13,,0.56,0.5647,1.38,False,数据不足,11.25
2025Q3,轻工制造,0.48,0.39,,0.0,-1.18,,,1.1,7.1429,-0.12,0.0,,0.0,0.0,,0.09,5.0,0.0,,0.52,0.5233,-0.97,True,数据不足,-8.36
2025Q3,基础化工,2.63,0.6,,66.6667,-0.06,,,4.53,57.1429,0.15,0.0,,0.0,0.0,,2.03,1.0,81.55,,0.42,0.4182,0.71,False,数据不足,0.15
2025Q3,机械设备,4.22,1.79,,100.0,0.85,,,7.67,85.7143,0.13,0.0,,0.0,0.0,,2.43,2.0,0.0,,0.37,0.3668,1.54,False,数据不足,-0.19
2025Q3,美容护理,0.26,0.15,,50.0,-0.25,,,0.29,7.1429,-0.08,0.0,,0.0,0.0,,0.11,2.0,47.86,,0.36,0.3573,0.07,False,数据不足,3.01
2025Q3,电力设备,12.26,3.18,,83.3333,1.93,,,9.2,78.5714,1.82,0.0,,0.0,0.0,,9.07,1.0,0.0,,0.29,0.2923,1.41,False,数据不足,-19.25
2025Q3,有色金属,5.86,0.51,,50.0,0.41,,,5.22,71.4286,1.44,0.0,,0.0,0.0,,5.35,1.0,78.05,,0.26,0.2575,0.63,False,数据不足,3.86
2025Q3,医药生物,10.04,4.17,,33.3333,-2.12,,,7.09,42.8571,0.95,0.0,,0.0,0.0,,5.87,2.0,0.0,,0.17,0.1676,0.06,True,数据不足,-10.33
2025Q3,环保,0.21,0.21,,0.0,-0.1,,,0.89,42.8571,-0.06,0.0,,0.0,0.0,,0.0,,83.08,,0.09,0.0896,-0.78,False,数据不足,7.79
2025Q3,综合,0.08,0.08,,0.0,-0.07,,,0.2,50.0,0.0,0.0,,0.0,0.0,,0.0,,82.12,,0.07,0.0682,-0.73,False,数据不足,9.62
2025Q3,国防军工,2.86,1.01,,33.3333,-0.28,,,3.64,92.8571,0.36,1.0,,1.0,0.0,,1.85,2.0,0.0,,-0.1,-0.0985,0.24,True,数据不足,-7.65
2025Q3,建筑装饰,0.33,-1.25,,100.0,0.18,,,1.57,14.2857,-0.23,0.0,,0.0,0.0,,1.59,0.0,0.0,,-0.19,-0.1889,1.11,True,数据不足,-9.3
2025Q3,农林牧渔,1.19,-0.18,,50.0,-0.22,,,1.01,7.1429,-0.2,0.0,,0.0,0.0,,1.37,1.0,0.0,,-0.24,-0.2412,0.05,False,数据不足,-13.48
2025Q3,计算机,2.3,-1.83,,0.0,-0.2,,,9.32,50.0,-1.28,0.0,,0.0,0.0,,4.13,1.0,84.45,,-0.27,-0.2742,-0.92,False,数据不足,17.59
2025Q3,煤炭,0.31,-0.85,,33.3333,0.14,,,0.51,0.0,-0.18,0.0,,0.0,0.0,,1.16,0.0,37.03,,-0.33,-0.3257,-0.33,False,数据不足,5.0
2025Q3,公用事业,0.32,-2.54,,16.6667,0.16,,,1.66,14.2857,-0.29,0.0,,0.0,0.0,,2.86,0.0,85.19,,-0.33,-0.3277,-0.62,False,数据不足,1.06
2025Q3,商贸零售,0.56,0.07,,16.6667,-1.32,,,1.27,14.2857,-0.53,0.0,,0.0,0.0,,0.49,1.0,0.0,,-0.34,-0.3449,-0.65,False,数据不足,-23.53
2025Q3,汽车,4.92,0.79,,0.0,-0.95,,,5.04,35.7143,-0.71,0.0,,0.0,0.0,,4.14,1.0,0.0,,-0.38,-0.3764,-0.91,False,数据不足,-23.92
2025Q3,钢铁,0.32,-0.21,,33.3333,0.06,,,0.73,71.4286,0.13,0.0,,0.0,0.0,,0.52,1.0,0.0,,-0.39,-0.3943,0.09,False,数据不足,-14.74
2025Q3,石油石化,0.38,-0.95,,16.6667,-0.16,,,0.53,0.0,-0.25,0.0,,0.0,0.0,,1.34,0.0,39.56,,-0.41,-0.4076,-0.68,False,数据不足,1.76
2025Q3,房地产,0.57,-0.09,,16.6667,-0.2,,,1.24,14.2857,-0.23,0.0,,0.0,0.0,,0.66,1.0,0.0,,-0.42,-0.4199,-0.61,False,数据不足,-16.73
2025Q3,家用电器,2.78,-0.39,,0.0,-0.67,,,1.59,42.8571,-0.43,0.0,,0.0,0.0,,3.17,1.0,0.0,,-0.53,-0.5307,-0.83,False,数据不足,-7.69
2025Q3,社会服务,0.22,0.22,,0.0,-0.7,,,0.9,7.1429,-0.16,0.0,,0.0,0.0,,0.0,,0.0,,-0.55,-0.5471,-0.98,False,数据不足,-16.71
2025Q3,银行,1.94,-9.89,,66.6667,0.94,,,1.66,28.5714,-0.47,0.0,,0.0,0.0,,11.84,0.0,85.06,,-0.58,-0.5759,0.46,True,数据不足,5.87
2025Q3,食品饮料,4.08,-3.13,,16.6667,0.26,,,1.65,0.0,-0.98,0.0,,0.0,0.0,,7.22,1.0,0.0,,-0.71,-0.7069,-0.79,False,数据不足,-20.12
2025Q3,交通运输,0.98,-1.87,,0.0,-0.01,,,1.29,0.0,-0.71,0.0,,0.0,0.0,,2.85,0.0,0.0,,-0.76,-0.7552,-1.1,False,数据不足,-6.95
2025Q3,非银金融,1.38,-8.62,,66.6667,0.47,,,4.11,78.5714,-0.36,0.0,,0.0,0.0,,10.0,0.0,0.0,,-0.92,-0.9242,0.74,True,数据不足,-15.66
2025Q4,轻工制造,0.63,0.59,,14.2857,0.2,,,1.2,46.6667,-0.05,0.0,,0.0,1.0,,0.04,14.0,0.0,,1.27,1.2721,-0.59,True,数据不足,-8.36
2025Q4,电子,24.08,10.25,,85.7143,-1.99,,,17.43,100.0,2.94,1.0,,1.0,1.0,,13.82,2.0,82.93,,1.26,1.256,1.31,False,数据不足,20.86
2025Q4,通信,11.21,4.47,,100.0,0.2,,,6.11,100.0,1.04,1.0,,1.0,1.0,,6.74,2.0,83.79,,0.88,0.8767,1.44,False,数据不足,13.61
2025Q4,基础化工,3.53,1.31,,100.0,0.71,,,4.9,60.0,0.38,0.0,,0.0,1.0,,2.22,2.0,84.55,,0.63,0.6254,1.19,False,数据不足,0.15
2025Q4,建筑材料,0.74,0.27,,100.0,0.12,,,0.85,26.6667,0.13,0.0,,0.0,1.0,,0.47,2.0,86.53,,0.55,0.5512,1.0,False,数据不足,11.25
2025Q4,综合,0.1,0.1,,57.1429,0.02,,,0.25,73.3333,0.04,0.0,,0.0,1.0,,0.0,,82.7,,0.46,0.4614,0.39,False,数据不足,9.62
2025Q4,有色金属,7.73,1.49,,71.4286,0.98,,,6.49,93.3333,2.47,1.0,,1.0,1.0,,6.24,1.0,80.03,,0.42,0.4246,0.96,False,数据不足,3.86
2025Q4,机械设备,4.88,2.55,,100.0,0.76,,,6.9,73.3333,-1.02,0.0,,0.0,1.0,,2.33,2.0,0.0,,0.37,0.3677,1.14,False,数据不足,-0.19
2025Q4,电力设备,11.5,3.2,,85.7143,0.02,,,11.66,93.3333,3.88,1.0,,1.0,1.0,,8.3,1.0,0.0,,0.26,0.2565,1.35,False,数据不足,-19.25
2025Q4,传媒,1.26,0.65,,28.5714,-1.14,,,2.62,20.0,-0.77,0.0,,0.0,1.0,,0.61,2.0,80.64,,0.24,0.241,-0.5,True,数据不足,-6.28
2025Q4,环保,0.25,0.25,,14.2857,0.04,,,1.03,80.0,0.1,0.0,,0.0,1.0,,0.0,,85.01,,0.16,0.1599,-0.42,False,数据不足,0.47
2025Q4,纺织服饰,0.2,0.17,,0.0,-0.01,,,0.8,46.6667,-0.05,0.0,,0.0,1.0,,0.04,6.0,0.0,,0.11,0.1077,-0.87,True,数据不足,-7.46
2025Q4,钢铁,0.46,-0.08,,100.0,0.13,,,0.72,66.6667,0.08,0.0,,0.0,1.0,,0.54,1.0,0.0,,0.01,0.0116,1.2,False,数据不足,-14.74
2025Q4,美容护理,0.15,0.07,,42.8571,-0.08,,,0.22,0.0,-0.16,0.0,,0.0,1.0,,0.08,2.0,17.72,,-0.07,-0.0703,-0.27,True,数据不足,-8.84
2025Q4,医药生物,8.43,3.64,,0.0,-0.53,,,4.9,6.6667,-1.18,0.0,,0.0,1.0,,4.79,2.0,0.0,,-0.11,-0.1118,-1.16,True,数据不足,-10.33
2025Q4,石油石化,0.58,-1.01,,14.2857,-0.05,,,0.64,13.3333,-0.01,0.0,,0.0,1.0,,1.58,0.0,89.02,,-0.13,-0.1317,-0.75,False,数据不足,15.31
2025Q4,建筑装饰,0.39,-1.1,,100.0,0.15,,,1.74,20.0,0.05,0.0,,0.0,1.0,,1.49,0.0,0.0,,-0.14,-0.1414,0.96,True,数据不足,-9.3
2025Q4,农林牧渔,1.07,-0.17,,57.1429,0.01,,,1.27,46.6667,0.11,0.0,,0.0,1.0,,1.24,1.0,0.0,,-0.22,-0.2186,0.26,False,数据不足,-13.48
2025Q4,煤炭,0.34,-0.78,,42.8571,0.08,,,0.71,26.6667,0.13,0.0,,0.0,1.0,,1.11,0.0,36.92,,-0.23,-0.2283,-0.12,False,数据不足,2.85
2025Q4,商贸零售,0.62,0.08,,42.8571,0.01,,,1.56,40.0,-0.21,0.0,,0.0,1.0,,0.54,1.0,0.0,,-0.24,-0.2392,-0.08,False,数据不足,-23.53
2025Q4,汽车,5.2,1.55,,14.2857,0.76,,,4.45,26.6667,-1.01,0.0,,0.0,1.0,,3.65,1.0,0.0,,-0.24,-0.2408,-0.77,False,数据不足,-23.92
2025Q4,公用事业,0.27,-2.59,,14.2857,-0.05,,,1.75,26.6667,0.01,0.0,,0.0,1.0,,2.86,0.0,87.45,,-0.3,-0.2951,-0.69,False,数据不足,1.06
2025Q4,计算机,1.63,-1.99,,0.0,-0.16,,,6.7,13.3333,-4.22,0.0,,0.0,1.0,,3.62,0.0,69.63,,-0.37,-0.3676,-1.37,False,数据不足,-7.65
2025Q4,国防军工,2.37,0.43,,0.0,-0.58,,,4.17,100.0,0.76,1.0,,1.0,1.0,,1.94,1.0,0.0,,-0.43,-0.4276,-0.55,False,数据不足,-7.65
2025Q4,社会服务,0.28,0.28,,14.2857,0.06,,,0.74,0.0,-0.26,0.0,,0.0,1.0,,0.0,,0.0,,-0.46,-0.4646,-0.84,False,数据不足,-16.71
2025Q4,交通运输,1.21,-1.74,,42.8571,0.13,,,1.46,13.3333,-0.22,0.0,,0.0,1.0,,2.95,0.0,0.0,,-0.47,-0.4718,-0.21,False,数据不足,-6.95
2025Q4,家用电器,2.56,-0.68,,0.0,-0.29,,,1.5,26.6667,-0.42,0.0,,0.0,1.0,,3.24,1.0,0.0,,-0.57,-0.5672,-1.0,False,数据不足,-7.69
2025Q4,房地产,0.26,-0.28,,0.0,-0.19,,,1.39,20.0,0.08,0.0,,0.0,1.0,,0.54,0.0,0.0,,-0.57,-0.5733,-0.99,False,数据不足,-16.73
2025Q4,食品饮料,3.76,-2.85,,28.5714,0.29,,,1.47,0.0,-0.76,0.0,,0.0,1.0,,6.61,1.0,0.0,,-0.61,-0.613,-0.6,False,数据不足,-20.12
2025Q4,非银金融,2.33,-8.07,,100.0,0.55,,,2.79,6.6667,-1.66,0.0,,0.0,1.0,,10.4,0.0,0.0,,-0.69,-0.687,0.76,True,数据不足,-15.66
2025Q4,银行,1.99,-10.04,,42.8571,-0.15,,,1.59,20.0,-0.2,0.0,,0.0,1.0,,12.03,0.0,88.53,,-0.71,-0.7102,-0.18,False,数据不足,5.87
2026Q1,轻工制造,0.55,0.5,-1.02,12.5,-0.08,,1.19,1.03,6.25,-0.23,0.0,0.0,0.0,0.0,0.0,0.05,12.0,0.0,,1.13,1.1315,-0.74,True,极度拥挤,-8.36
2026Q1,电子,22.13,9.08,0.53,75.0,-1.17,,10.85,16.22,93.75,1.12,1.0,0.0,1.0,0.0,1.0,13.05,2.0,83.21,,1.13,1.1263,0.65,False,偏拥挤,20.86
2026Q1,通信,13.15,6.05,2.57,100.0,1.58,,4.34,6.33,100.0,0.83,1.0,1.0,1.0,0.0,2.0,7.1,2.0,82.3,,1.04,1.0392,1.51,False,极度拥挤,5.95
2026Q1,基础化工,4.66,2.05,4.27,100.0,0.74,,0.86,5.45,68.75,0.65,0.0,1.0,0.0,0.0,1.0,2.62,2.0,81.77,,0.71,0.7113,1.94,False,极度拥挤,0.15
2026Q1,建筑材料,0.91,0.34,1.95,100.0,0.07,,0.18,0.96,56.25,0.21,0.0,1.0,0.0,0.0,1.0,0.58,2.0,83.24,,0.56,0.5551,1.2,False,极度拥挤,11.25
2026Q1,纺织服饰,0.21,0.18,-1.47,25.0,0.01,,0.61,0.59,0.0,-0.27,0.0,0.0,0.0,0.0,0.0,0.03,7.0,0.0,,0.48,0.4761,-0.75,True,极度拥挤,-7.46
2026Q1,机械设备,5.01,2.81,2.39,100.0,0.26,,2.02,7.15,81.25,-0.79,0.0,1.0,0.0,0.0,1.0,2.2,2.0,0.0,,0.44,0.4359,1.34,False,极度拥挤,-0.19
2026Q1,电力设备,12.74,3.5,1.02,100.0,0.3,,3.28,11.46,87.5,2.56,0.0,1.0,0.0,0.0,1.0,9.24,1.0,0.0,,0.36,0.3626,1.12,False,极度拥挤,-19.25
2026Q1,石油石化,1.21,-0.59,0.45,75.0,0.41,,-0.3,1.38,93.75,0.73,1.0,0.0,1.0,0.0,1.0,1.81,1.0,76.15,,0.18,0.1839,0.61,True,中性,15.36
2026Q1,环保,0.25,0.25,-1.06,12.5,-0.0,,0.33,0.87,37.5,-0.08,0.0,0.0,0.0,0.0,0.0,0.0,,86.02,,0.15,0.1496,-0.67,False,中性,4.87
2026Q1,有色金属,6.7,0.39,-0.56,37.5,-1.1,,2.0,7.48,100.0,2.66,1.0,0.0,1.0,0.0,1.0,6.31,1.0,76.96,,0.12,0.1216,0.02,False,中性,3.86
2026Q1,传媒,0.94,0.33,-1.01,25.0,-0.32,,4.94,3.5,50.0,0.48,0.0,0.0,0.0,0.0,0.0,0.61,2.0,68.75,,0.08,0.0795,-0.47,True,中性,-4.74
2026Q1,医药生物,8.75,4.02,-0.63,25.0,0.38,,5.7,4.16,0.0,-1.81,0.0,0.0,0.0,0.0,0.0,4.73,2.0,0.0,,0.07,0.0713,-0.59,True,拥挤,-10.33
2026Q1,钢铁,0.53,0.0,2.37,100.0,0.08,,-0.08,0.76,81.25,0.08,0.0,1.0,0.0,0.0,1.0,0.53,1.0,0.0,,0.03,0.0338,1.38,False,极度拥挤,-14.74
2026Q1,综合,0.08,0.08,-1.44,0.0,-0.03,,0.13,0.2,56.25,-0.01,0.0,0.0,0.0,0.0,0.0,0.0,,84.68,,0.02,0.0193,-0.87,False,中性,9.62
2026Q1,煤炭,0.63,-0.81,-0.44,37.5,-0.04,,-0.45,0.8,31.25,0.22,0.0,0.0,0.0,0.0,0.0,1.44,0.0,84.23,,-0.03,-0.0267,-0.22,False,显著低配,16.83
2026Q1,建筑装饰,0.5,-1.09,1.66,100.0,0.01,,-1.21,1.89,25.0,0.3,0.0,1.0,0.0,0.0,1.0,1.59,0.0,0.0,,-0.15,-0.1503,1.06,True,显著低配,-9.3
2026Q1,美容护理,0.13,0.06,-0.68,37.5,-0.01,,0.34,0.18,0.0,-0.16,0.0,0.0,0.0,0.0,0.0,0.07,2.0,0.0,,-0.19,-0.1869,-0.38,True,中性,-8.93
2026Q1,农林牧渔,0.98,-0.17,-0.48,50.0,-0.01,,0.32,1.11,18.75,-0.11,0.0,0.0,0.0,0.0,0.0,1.15,1.0,0.0,,-0.27,-0.2684,-0.14,False,中性,-13.48
2026Q1,公用事业,0.34,-2.7,-1.05,12.5,-0.11,,-1.69,2.55,87.5,0.78,0.0,0.0,0.0,0.0,0.0,3.04,0.0,80.85,,-0.37,-0.3715,-0.51,False,显著低配,1.06
2026Q1,计算机,1.49,-1.88,-1.01,12.5,0.11,,-0.84,7.29,31.25,-2.32,0.0,0.0,0.0,0.0,0.0,3.37,0.0,58.07,,-0.37,-0.3722,-0.79,False,显著低配,-7.61
2026Q1,社会服务,0.29,0.29,-0.95,25.0,0.01,,1.65,0.62,0.0,-0.28,0.0,0.0,0.0,0.0,0.0,0.0,,0.0,,-0.39,-0.3852,-0.6,False,中性,-16.71
2026Q1,交通运输,1.55,-1.5,0.19,50.0,0.24,,-1.22,1.27,0.0,-0.31,0.0,0.0,0.0,0.0,0.0,3.04,1.0,0.0,,-0.42,-0.4213,-0.0,True,中性,-6.95
2026Q1,商贸零售,0.43,-0.0,-0.79,12.5,-0.08,,1.66,1.04,0.0,-0.62,0.0,0.0,0.0,0.0,0.0,0.43,1.0,0.0,,-0.43,-0.4336,-0.7,False,中性,-23.53
2026Q1,汽车,4.23,0.52,-2.02,0.0,-1.03,,2.45,3.68,12.5,-1.67,0.0,0.0,0.0,0.0,0.0,3.71,1.0,0.0,,-0.44,-0.4388,-1.23,False,中性,-23.92
2026Q1,房地产,0.3,-0.2,-0.9,25.0,0.08,,0.33,0.89,0.0,-0.31,0.0,0.0,0.0,0.0,0.0,0.49,1.0,0.0,,-0.44,-0.4393,-0.59,False,中性,-16.73
2026Q1,国防军工,2.25,0.36,-2.08,0.0,-0.07,,1.17,5.18,100.0,1.55,1.0,0.0,1.0,0.0,1.0,1.89,1.0,0.0,,-0.44,-0.4441,-0.88,False,中性,-7.65
2026Q1,银行,2.09,-9.91,0.27,62.5,0.12,,-9.57,1.19,0.0,-0.6,0.0,0.0,0.0,0.0,0.0,12.0,0.0,90.07,,-0.62,-0.6176,0.14,True,显著低配,5.87
2026Q1,家用电器,1.94,-1.13,-2.24,0.0,-0.45,,1.21,1.26,6.25,-0.52,0.0,0.0,0.0,0.0,0.0,3.07,1.0,0.0,,-0.64,-0.6415,-1.24,False,显著低配,-7.69
2026Q1,食品饮料,3.67,-3.13,-0.84,25.0,-0.28,,0.02,1.25,0.0,-0.75,0.0,0.0,0.0,0.0,0.0,6.8,1.0,0.0,,-0.68,-0.6786,-0.59,False,中性,-20.12
2026Q1,非银金融,1.35,-7.69,1.9,100.0,0.38,,-8.24,2.26,0.0,-1.31,0.0,1.0,0.0,0.0,1.0,9.04,0.0,0.0,,-0.69,-0.6932,0.98,True,显著低配,-15.66
2026Q2,电子,43.24,19.03,4.37,100.0,9.95,4.03,10.65,27.03,100.0,11.69,1.0,1.0,1.0,1.0,3.0,24.21,2.0,74.14,,2.2,2.2024,2.02,False,极度拥挤,20.86
2026Q2,建筑材料,1.78,1.02,4.09,100.0,0.68,8.88,0.28,1.25,76.4706,0.4,0.0,1.0,0.0,1.0,2.0,0.76,2.0,78.21,,1.72,1.7225,1.9,False,极度拥挤,11.25
2026Q2,通信,16.92,6.1,1.82,100.0,0.04,-0.44,4.79,8.22,100.0,2.59,1.0,1.0,1.0,1.0,3.0,10.82,2.0,77.33,,1.2,1.2008,1.16,False,极度拥挤,63.84
2026Q2,机械设备,6.13,3.29,2.39,100.0,0.48,0.6,2.6,7.84,94.1176,0.46,1.0,1.0,1.0,1.0,3.0,2.84,2.0,0.0,,1.0,0.9964,1.25,False,极度拥挤,-0.19
2026Q2,基础化工,2.24,0.36,-0.64,22.2222,-1.68,-4.49,1.46,5.08,64.7059,-0.11,0.0,0.0,0.0,1.0,1.0,1.88,1.0,82.56,,0.22,0.2231,-0.26,False,中性,0.15
2026Q2,煤炭,0.35,-0.5,1.13,77.7778,0.32,2.91,-0.45,0.58,17.6471,-0.06,0.0,0.0,0.0,1.0,1.0,0.85,0.0,41.91,,0.2,0.1972,0.77,True,显著低配,-13.18
2026Q2,综合,0.04,0.04,-2.86,0.0,-0.04,-0.82,0.12,0.2,41.1765,-0.02,0.0,0.0,0.0,1.0,1.0,0.0,,84.24,,0.13,0.1298,-0.71,False,中性,9.62
2026Q2,医药生物,5.49,1.97,-2.88,0.0,-2.05,-1.52,5.62,3.86,0.0,-1.96,0.0,0.0,0.0,1.0,1.0,3.52,2.0,0.0,,0.12,0.1235,-0.88,True,中性,-10.33
2026Q2,公用事业,0.22,-2.26,0.04,55.5556,0.43,3.71,-1.72,2.75,88.2353,0.7,0.0,0.0,0.0,1.0,1.0,2.48,0.0,79.13,,0.08,0.0762,0.6,True,显著低配,1.06
2026Q2,银行,1.12,-8.24,4.12,100.0,1.67,2.57,-9.61,0.91,0.0,-0.77,0.0,1.0,0.0,1.0,2.0,9.36,0.0,91.11,,-0.04,-0.0416,1.42,True,显著低配,5.87
2026Q2,环保,0.12,0.12,-3.8,0.0,-0.13,-2.36,0.33,0.87,35.2941,-0.09,0.0,0.0,0.0,1.0,1.0,0.0,,72.73,,-0.05,-0.0463,-0.96,False,中性,-3.45
2026Q2,房地产,0.25,-0.08,-0.38,44.4444,0.12,0.39,0.3,0.79,0.0,-0.36,0.0,0.0,0.0,1.0,1.0,0.33,1.0,0.0,,-0.08,-0.0835,0.06,False,中性,-16.73
2026Q2,有色金属,3.59,-1.66,-2.85,0.0,-2.05,-2.06,1.99,6.31,82.3529,0.48,0.0,0.0,0.0,1.0,1.0,5.25,1.0,80.5,,-0.11,-0.1132,-0.67,False,显著低配,3.86
2026Q2,石油石化,0.48,-0.73,-0.05,55.5556,-0.14,-0.63,-0.3,0.7,23.5294,-0.14,0.0,0.0,0.0,1.0,1.0,1.21,0.0,33.57,,-0.12,-0.1239,0.22,True,显著低配,-22.2
2026Q2,建筑装饰,0.18,-0.96,1.95,100.0,0.13,0.6,-1.1,1.47,0.0,-0.21,0.0,1.0,0.0,1.0,2.0,1.14,0.0,0.0,,-0.16,-0.1618,0.96,True,显著低配,-9.3
2026Q2,美容护理,0.04,-0.01,-1.08,0.0,-0.06,-0.51,0.33,0.12,0.0,-0.2,0.0,0.0,0.0,1.0,1.0,0.05,1.0,0.0,,-0.25,-0.253,-0.47,False,中性,-17.49
2026Q2,计算机,1.16,-1.88,-0.91,11.1111,-0.0,0.53,-0.93,5.31,11.7647,-2.82,0.0,0.0,0.0,1.0,1.0,3.04,0.0,37.6,,-0.31,-0.3074,-0.34,False,显著低配,-5.21
2026Q2,传媒,0.27,-0.56,-1.35,0.0,-0.89,-0.49,4.93,1.87,0.0,-1.05,0.0,0.0,0.0,1.0,1.0,0.82,0.0,42.99,,-0.33,-0.3298,-0.54,False,显著低配,-14.71
2026Q2,农林牧渔,0.45,-0.3,-0.96,11.1111,-0.13,-0.23,0.31,0.67,0.0,-0.6,0.0,0.0,0.0,1.0,1.0,0.75,1.0,0.0,,-0.34,-0.3406,-0.36,False,中性,-13.48
2026Q2,国防军工,1.54,-0.3,-3.63,0.0,-0.66,-1.69,1.16,3.11,41.1765,-1.17,0.0,0.0,0.0,1.0,1.0,1.84,1.0,0.0,,-0.34,-0.3447,-0.91,False,显著低配,-7.65
2026Q2,纺织服饰,0.13,0.13,-1.48,0.0,-0.05,0.05,0.6,0.45,0.0,-0.37,0.0,0.0,0.0,1.0,1.0,0.0,,0.0,,-0.39,-0.3873,-0.52,False,中性,-7.46
2026Q2,汽车,1.94,-0.69,-3.19,0.0,-1.21,-1.29,2.38,3.0,0.0,-1.81,0.0,0.0,0.0,1.0,1.0,2.63,1.0,0.0,,-0.39,-0.3922,-0.92,False,显著低配,-23.92
2026Q2,轻工制造,0.29,0.29,-1.5,0.0,-0.21,-0.31,1.13,0.91,0.0,-0.34,0.0,0.0,0.0,1.0,1.0,0.0,,0.0,,-0.4,-0.3989,-0.54,False,中性,-8.36
2026Q2,社会服务,0.12,0.12,-1.15,0.0,-0.17,-0.25,1.63,0.42,0.0,-0.4,0.0,0.0,0.0,1.0,1.0,0.0,,0.0,,-0.41,-0.4089,-0.48,False,中性,-16.71
2026Q2,交通运输,0.71,-1.71,-0.51,44.4444,-0.21,-0.55,-1.27,0.93,0.0,-0.64,0.0,0.0,0.0,1.0,1.0,2.42,0.0,0.0,,-0.43,-0.4315,-0.01,False,显著低配,-6.95
2026Q2,商贸零售,0.13,-0.15,-0.91,0.0,-0.15,-0.16,1.57,0.67,0.0,-0.8,0.0,0.0,0.0,1.0,1.0,0.28,0.0,0.0,,-0.44,-0.4391,-0.44,False,显著低配,-23.53
2026Q2,电力设备,7.38,-0.76,-4.24,0.0,-4.26,-4.07,3.46,10.08,82.3529,0.24,0.0,0.0,0.0,1.0,1.0,8.13,1.0,0.0,,-0.45,-0.4484,-1.01,False,显著低配,-19.25
2026Q2,非银金融,0.94,-6.85,2.66,100.0,0.84,1.3,-7.99,1.92,0.0,-1.32,0.0,1.0,0.0,1.0,2.0,7.79,0.0,0.0,,-0.47,-0.47,1.09,True,显著低配,-15.66
2026Q2,家用电器,1.13,-1.38,-1.96,0.0,-0.25,-0.08,1.21,1.09,0.0,-0.43,0.0,0.0,0.0,1.0,1.0,2.51,0.0,0.0,,-0.51,-0.5082,-0.61,False,显著低配,-7.69
2026Q2,钢铁,0.12,-0.27,-1.3,11.1111,-0.27,-2.55,-0.06,0.43,0.0,-0.27,0.0,0.0,0.0,1.0,1.0,0.39,0.0,0.0,,-0.58,-0.5785,-0.52,False,显著低配,-14.74
2026Q2,食品饮料,1.51,-3.19,-0.81,11.1111,-0.06,0.53,-0.2,1.12,0.0,-0.66,0.0,0.0,0.0,1.0,1.0,4.71,0.0,0.0,,-0.59,-0.5902,-0.29,False,显著低配,-20.12
