# holdings	2026Q2
# ==== 数据来源：Wind 实测（2026-10-02 重抓，全 31 行业实测，无插补）====
# 查询语句：查询2026-06-30，公募基金中普通股票型基金、偏股混合型基金、
#           灵活配置型基金的三类基金前十大重仓股持股总市值合计，
#           按申万一级行业分类汇总
# Wind 返回列：2026年2季末公募基金重仓该申万一级行业股票的总市值（亿元）
#
# 【本次重抓的背景（机构级必须留痕）】
# 上一版 2026Q2 是"部分实测 + 25 行业按 2026Q1 结构在剩余市值中插补"的应急产物
# （当时 Wind 账户积分耗尽）。插补造成两处严重失真：
#   ① 电子占比虚高至 39.5%；重抓后实测为 43.24%（分母 23343.45）；
#   ② 银行等长期低配行业被插补成 −7.6%，而真实值约 −19%，
#      进而在扩窗 Z-score 上产生 Z=+17.6 的伪极值，
#      使「拥挤等级」把银行误判为"极度拥挤"——与"深度低配"事实完全相反。
# 现已全行业实测替换，插补痕迹清除。
#
# 【合计核对（口径一致性）】
#   本表 31 行业加总 = 23,343.45 亿元
#   而"三类基金重仓股总市值"口径的总量为 25,529 亿元；
#   差额 2,186 亿元（8.6%）为**无法映射申万一级的持仓**（港股、非 A 股等），
#   与项目文档登记的"约 6% 剔除比例"一致。
#   配置比例的分母一律取**可映射子集**（即本表加总），
#   与其余 9 个季度（2024Q1~2026Q1）的口径完全一致，故横向可比。
#
# 交叉校验：电子 10,093.604 与 通信 3,948.716 与上一版实测分解完全一致，
#           确认本次查询与历史各期使用同一口径（三类基金 · 前十大重仓 · 申万一级）。
电子	10093.604
通信	3948.716
电力设备	1721.8122
机械设备	1430.5483
医药生物	1282.6453
有色金属	839.0041
基础化工	522.7365
汽车	454.0148
建筑材料	415.6184
国防军工	359.437
食品饮料	352.963
计算机	270.0899
家用电器	262.9047
银行	260.406
非银金融	218.4287
交通运输	166.2647
石油石化	111.7711
农林牧渔	104.2533
煤炭	81.6398
轻工制造	68.4636
传媒	62.2688
房地产	57.6126
公用事业	51.4407
建筑装饰	43.1604
纺织服饰	31.4579
商贸零售	30.4871
钢铁	28.6045
社会服务	27.3214
环保	26.8509
美容护理	9.6566
综合	9.2632
