# 行业	年份	季度	成交额亿元
农林牧渔	2022	1	13255.4707
基础化工	2022	1	35909.7486
钢铁	2022	1	8269.111
有色金属	2022	1	33094.1114
电子	2022	1	36120.7235
家用电器	2022	1	6786.5591
食品饮料	2022	1	22069.7226
纺织服饰	2022	1	4901.9387
轻工制造	2022	1	8152.3053
医药生物	2022	1	65143.9604
农林牧渔	2022	2	15518.3901
基础化工	2022	2	37482.887
钢铁	2022	2	7142.8315
有色金属	2022	2	31445.4621
电子	2022	2	34382.7894
家用电器	2022	2	7325.5241
食品饮料	2022	2	23387.9096
纺织服饰	2022	2	4683.3651
轻工制造	2022	2	5923.5033
医药生物	2022	2	50658.0032
农林牧渔	2022	3	11699.129
基础化工	2022	3	38746.8657
钢铁	2022	3	5660.6386
有色金属	2022	3	36645.3041
电子	2022	3	49991.1035
家用电器	2022	3	10130.1863
食品饮料	2022	3	19433.6871
纺织服饰	2022	3	4585.454
轻工制造	2022	3	6315.5991
医药生物	2022	3	35668.8039
农林牧渔	2022	4	10092.2149
基础化工	2022	4	23201.194
钢铁	2022	4	3443.6889
有色金属	2022	4	22355.9656
电子	2022	4	34693.4784
家用电器	2022	4	7149.7841
食品饮料	2022	4	22984.6486
纺织服饰	2022	4	4338.0773
轻工制造	2022	4	7074.6724
医药生物	2022	4	62301.2028
农林牧渔	2023	1	8749.926
基础化工	2023	1	20538.9103
钢铁	2023	1	3233.2366
有色金属	2023	1	21581.2991
电子	2023	1	42064.8405
家用电器	2023	1	6964.3247
食品饮料	2023	1	20556.594
纺织服饰	2023	1	4770.2592
轻工制造	2023	1	7919.8196
医药生物	2023	1	35598.2965
农林牧渔	2023	2	6518.1217
基础化工	2023	2	15428.2966
钢铁	2023	2	2572.4948
有色金属	2023	2	18621.179
电子	2023	2	54933.6722
家用电器	2023	2	8414.6425
食品饮料	2023	2	15624.8394
纺织服饰	2023	2	3662.8436
轻工制造	2023	2	6473.2993
医药生物	2023	2	33123.5342
农林牧渔	2023	3	6894.1186
基础化工	2023	3	16870.5669
钢铁	2023	3	3071.8461
有色金属	2023	3	17154.0457
电子	2023	3	42365.5657
家用电器	2023	3	6672.7395
食品饮料	2023	3	16068.7168
纺织服饰	2023	3	3433.8707
轻工制造	2023	3	7691.6953
医药生物	2023	3	31579.6542
农林牧渔	2023	4	5970.7098
基础化工	2023	4	16626.2564
钢铁	2023	4	2453.5194
有色金属	2023	4	15039.5039
电子	2023	4	64140.8435
家用电器	2023	4	8024.0644
食品饮料	2023	4	14026.8744
纺织服饰	2023	4	4018.0821
轻工制造	2023	4	6637.4601
医药生物	2023	4	42791.1269
农林牧渔	2024	1	6149.6421
基础化工	2024	1	19712.3877
钢铁	2024	1	3067.0959
有色金属	2024	1	17929.9123
电子	2024	1	57779.0784
家用电器	2024	1	8714.6189
食品饮料	2024	1	14988.0644
纺织服饰	2024	1	5442.5839
轻工制造	2024	1	7480.7876
医药生物	2024	1	36543.622
农林牧渔	2024	2	6908.7692
基础化工	2024	2	26579.4336
钢铁	2024	2	3206.4744
有色金属	2024	2	27505.3176
电子	2024	2	61325.7497
家用电器	2024	2	9261.1064
食品饮料	2024	2	13909.4947
纺织服饰	2024	2	3759.0426
轻工制造	2024	2	5860.5453
医药生物	2024	2	33091.0008
