序列,覆盖交易日,应有交易日,覆盖率
申万A指(全市场),56,61,91.8
农林牧渔,24,61,39.3
基础化工,24,61,39.3
钢铁,19,61,31.1
有色金属,21,61,34.4
电子,46,61,75.4
汽车,24,61,39.3
家用电器,23,61,37.7
食品饮料,19,61,31.1
纺织服饰,14,61,23.0
轻工制造,13,61,21.3
医药生物,20,61,32.8
公用事业,16,61,26.2
交通运输,16,61,26.2
房地产,16,61,26.2
商贸零售,16,61,26.2
社会服务,20,61,32.8
银行,19,61,31.1
非银金融,16,61,26.2
综合,16,61,26.2
建筑材料,16,61,26.2
建筑装饰,20,61,32.8
电力设备,24,61,39.3
机械设备,16,61,26.2
国防军工,21,61,34.4
计算机,20,61,32.8
传媒,16,61,26.2
通信,20,61,32.8
煤炭,19,61,31.1
石油石化,14,61,23.0
环保,19,61,31.1
美容护理,16,61,26.2
