数据项,数据库,数据表,频率,区间,查询日期,备注
行业配置比例,Wind,公募基金前十大重仓股行业市值 → ÷重仓股总市值,季度,2024Q1-2026Q2（10 期）,2026-09-30,主动权益三类：普通股票型+偏股混合型+灵活配置型；分母为前十大重仓股总市值（非基金资产净值）
行业超配比例,Wind,派生（配置比例 − 沪深300行业权重）,季度,2024Q1-2026Q2（10 期）,2026-09-30,取 holdings ∩ hs300 交集季度，不做前向填充；hs300 已补齐至 2022Q1（18 期），2024Q1 起超配全部可算
沪深300行业权重,Wind,沪深300成份股按申万一级行业权重合计占比（自由流通市值加权）,季度,2022Q1-2026Q2（18 期）,2026-09-30,⚠️ 口径已修正：旧批次误用「总市值加权」（银行 22.16%），沪深300 实为自由流通市值加权（银行 13.14%）。2022Q1~2024Q1 共 9 期历史由 tools/hs300_backfill_history.py 补齐，全部 18 期逐期校验加总=100.00%±0.02；每期覆盖26~28行业，缺失按0处理（该行业在沪深300中确无权重）
行业集中度HHI/CR,Wind,由 10 期配置比例独立复算,季度,2024Q1-2026Q2（10 期）,2026-09-30,"R2/R6 校验通过：HHI∈[0.0678,0.1949]，复算最大绝对差<1e-13"
行业季度涨跌幅,Wind,申万一级行业指数区间涨跌幅,季度,2019Q1-2026Q2（30 期）,2026-09-30,⚠️ 2019-2021 仅 8 行业覆盖；Q4 行为全年累计值，已用『起始/截止时间』列严格校验单季
行业季度成交额,Wind,申万一级行业指数区间成交额,季度,2022Q1-2026Q2（18 期）,2026-09-30,✅ 已补齐 2024Q3-2026Q2，覆盖全部可建模季度（10/10）；R10 成交额缺口由 80% 降至 0%；取值列为「YYYY年第N季度成交额」（亿），同响应中的「区间成交额」为跨季常量列，已弃用
基金样本数,Wind,主动权益三类基金仅数（季报口径）,季度,2024Q1-2026Q2（10 期）,2026-09-30,持仓季度 869~1074 只；R4 校验 ≥800 通过
行业日度成交额,Wind,申万一级行业指数日度成交额,日度,2026-07-01~2026-09-30,2026-09-30,⚠️ 部分覆盖13~47/61交易日（接口截断），缺失不插值
全市场日度成交额,Wind,申万A指(801003.SL)日度成交额,日度,2026-07-01~2026-09-30,2026-09-30,行业成交额占比分母；覆盖55/61日
ETF日度份额/净值/成交额,Wind,基金-场内流通份额/单位净值/成交额,日度,2026-07-01~2026-09-30,2026-09-30,10只ETF（9个申万一级行业）：iFinD 归档 512480/515880/512010/512880 + Wind 新增 512690/515790/512800/512400/512660/512720（2026-10-03 抓取）；份额折算已用累计净值法识别
沪深300成分与权重（快照）,Wind,沪深300指数(000300.SH)成份股,快照,2026-09-30,2026-09-30,含申万一级行业归属；用于交叉验证动态季度权重
