级别,编号,检查项,结果,详情
硬,H1,配置比例逐期加总=100±0.01（10 期 2024Q1~2026Q2）,通过,最大偏离 0.0000000000 pct
硬,H2,"HHI ∈ (0,1)",通过,min=0.0678 max=0.2314 n=10
硬,H3,CR3 ≤ CR5 ≤ CR10 ≤ 100,通过,检验 10 期，违反 0 期
硬,H4,"基准权重逐期加总 ∈ [20,100.01] 且每期 ≥20 行业",通过,"加总 ∈ [99.9960, 100.0080]；动态期数 39/10"
硬,H5,超配 == 配置 − 动态基准权重,通过,最大误差 5.33e-15
硬,H6,无「未登记的全表 NaN」因子,通过,已登记的设计性稀疏因子：['F14_ETF资金流强度']（原因见 KNOWN_SPARSE）
硬,H7,前瞻收益 = shift(−1) 且不含当期,通过,第 t 期因子的前瞻收益取自 t+1 期超额收益；t 期收益不在其中
硬,H8,正交化控制变量齐备(3个),通过,实际 3 个
软,S1,因子缺失率 ≤ 30%（10 期可建模区间）,通过,全部达标
软,S2,样本基金数 ≥ 800（持仓季度）,通过,最小 869 只，最大 1074 只（10 期）
软,S3,最新期因子非全空,通过,2026Q2
